year,state,region,division,population,enslaved_population,urban_population,labor_force,labor_force_agricultural,labor_force_enslaved,gdp_per_capita,gdp,agriculture,agriculture_crops_and_livestock,agriculture_crops_and_livestock_livestock_and_feed_crops,agriculture_crops_and_livestock_food_grains,agriculture_crops_and_livestock_cotton,agriculture_crops_and_livestock_other,agriculture_farm_improvments,construction,mining,manufacturing,manufacturing_factory,manufacturing_home,services,services_trade,services_transportation_and_public_utilities,services_finance,services_professional,services_personal,services_government,services_education,services_hand_trades,services_shelter,easterlin_1957,easterlin_1960,klein,wealth
1839,Alabama,3,6,"590,756","253,532","12,672","255,100","199,234","149,500",99.674,58.883060,37.878907,31.444477,16.342578,0.743645,8.654561,5.703693,6.434429,0.904893,0.028124,9.558101,1.740669,7.817432,10.513036,3.048644,0.936020,0.000000,0.895434,1.927443,0.000000,0.084662,0.120048,3.500784,NA,31,NA,NA
1839,Arizona,4,8,NA,NA,NA,NA,NA,NA,NA,NA,NA,NA,NA,NA,NA,NA,NA,NA,NA,NA,NA,NA,NA,NA,NA,NA,NA,NA,NA,NA,NA,NA,NA,NA,NA,NA
1839,Arkansas,3,7,"97,574","19,935",0,"34,800","28,301","11,900",192.068,18.740796,7.712701,6.215068,4.374984,0.094996,0.381318,1.363771,1.497633,0.350464,0.007031,8.680083,6.368300,2.311783,1.990517,0.317485,0.041539,0.000000,0.190738,0.164381,0.276785,0.119373,0.056422,0.823794,NA,7,NA,NA
1839,California,4,9,NA,NA,NA,NA,NA,NA,NA,NA,NA,NA,NA,NA,NA,NA,NA,NA,NA,NA,NA,NA,NA,NA,NA,NA,NA,NA,NA,NA,NA,NA,NA,NA,NA,NA
1839,Colorado,4,8,NA,NA,NA,NA,NA,NA,NA,NA,NA,NA,NA,NA,NA,NA,NA,NA,NA,NA,NA,NA,NA,NA,NA,NA,NA,NA,NA,NA,NA,NA,NA,NA,NA,NA
1839,Connecticut,1,1,"309,978",17,"38,952","102,000","56,638",NA,142.761,44.252746,10.361378,10.318765,6.921475,0.557610,0.000000,2.839681,0.042613,3.898431,0.246088,13.326537,12.258978,1.067560,16.420312,5.292678,4.046304,0.000000,1.405134,0.219261,0.126958,0.182517,0.957573,4.189887,NA,28,NA,NA
1839,Dakota Territory,2,4,NA,NA,NA,NA,NA,NA,NA,NA,NA,NA,NA,NA,NA,NA,NA,NA,NA,NA,NA,NA,NA,NA,NA,NA,NA,NA,NA,NA,NA,NA,NA,NA,NA,NA
1839,Delaware,3,5,"78,085","2,605","8,367","23,400","16,183","1,600",108.528,8.474414,2.922599,2.916088,1.879473,0.292127,0.000032,0.744456,0.006510,0.578237,0.010547,1.885283,1.592075,0.293208,3.077749,0.717191,0.654186,0.333884,0.131147,0.082813,0.207850,0.029881,0.105925,0.814872,NA,5,NA,NA
1839,District of Columbia,3,5,"43,712","4,694","39,135","10,900","1,484","2,200",115.985,5.069921,0.302760,0.300428,0.075169,0.012652,0.000000,0.212607,0.002332,1.233597,0.000000,0.930484,0.923404,0.007080,2.603081,0.463085,0.266221,0.226233,0.168086,0.120785,0.704176,0.020247,0.100482,0.533767,NA,NA,NA,NA
1839,Florida,3,5,"54,477","25,717",0,"26,500","19,983","15,900",135.166,7.363442,3.527321,2.982166,1.446472,0.000477,0.766001,0.769215,0.545155,0.165689,0.000000,0.519928,0.424553,0.095374,3.150505,0.975452,0.751124,0.193884,0.177532,0.301631,0.241394,0.052054,0.012302,0.445131,NA,4,NA,NA
1839,Georgia,3,5,"691,392","280,944","24,658","288,200","227,978","165,200",92.802,64.162553,41.799788,38.384549,18.758850,1.598961,12.057208,5.969531,3.415239,0.964960,0.073826,9.209676,2.281974,6.927701,12.114303,3.441951,0.582975,0.151316,0.760418,2.244937,0.094198,0.176045,0.307234,4.355228,NA,39,NA,NA
1839,Idaho,4,8,NA,NA,NA,NA,NA,NA,NA,NA,NA,NA,NA,NA,NA,NA,NA,NA,NA,NA,NA,NA,NA,NA,NA,NA,NA,NA,NA,NA,NA,NA,NA,NA,NA,NA
1839,Illinois,2,3,"476,183",331,"9,607","131,900","106,165",200,101.099,48.141636,21.173422,14.924924,10.629394,1.484752,0.014825,2.795954,6.248498,4.684153,0.112497,7.821047,3.131081,4.689966,14.350516,4.193953,0.418097,0.294259,1.451427,0.477674,0.641140,0.342349,0.952212,5.579405,NA,22,NA,NA
1839,Indiana,2,3,"685,866",3,"10,716","170,500","144,537",NA,81.155,55.661479,22.601173,17.331022,11.967141,1.806968,0.000013,3.556900,5.270150,4.936422,0.024609,9.866819,3.778525,6.088294,18.232456,4.723941,0.736473,1.281302,1.487428,0.631375,0.598230,0.602015,0.792666,7.379025,NA,28,NA,NA
1839,Iowa,2,4,"43,112",16,0,"13,300","10,475",NA,102.390,4.414243,1.728795,0.899190,0.666395,0.069373,0.000000,0.163422,0.829605,0.422563,0.003516,0.303003,0.180435,0.122568,1.956366,0.580136,0.099602,0.230341,0.255965,0.000000,0.071696,0.020614,0.204613,0.493399,NA,2,NA,NA
1839,Kansas,2,4,NA,NA,NA,NA,NA,NA,NA,NA,NA,NA,NA,NA,NA,NA,NA,NA,NA,NA,NA,NA,NA,NA,NA,NA,NA,NA,NA,NA,NA,NA,NA,NA,NA,NA
1839,Kentucky,3,6,"779,828","182,258","30,948","272,500","211,535","105,300",89.963,70.155779,31.957928,30.202731,18.525719,2.353790,0.051011,9.272211,1.755197,3.374164,0.390226,17.505374,5.126482,12.378892,16.928087,4.684248,0.920829,0.677384,1.449889,1.540492,0.843374,0.363733,0.587396,5.860742,NA,40,NA,NA
1839,Louisiana,3,7,"352,411","168,452","105,400","175,100","107,551","110,300",187.509,66.080123,30.011355,27.172052,5.801258,0.000744,11.257511,10.112538,2.839303,4.208473,0.031640,3.152226,2.844507,0.307718,28.676429,17.505407,2.720974,1.179175,0.894522,2.619864,0.440438,0.211059,0.224457,2.880534,NA,40,NA,NA
1839,Maine,1,1,"501,793",0,"39,342","141,000","95,810",NA,120.954,60.693655,12.989219,11.581754,6.836347,1.015065,0.000000,3.730343,1.407465,5.380018,0.105466,9.804451,6.007430,3.797021,32.414500,5.751156,14.017889,0.993797,1.596033,0.267111,1.237322,0.400227,1.229606,6.921360,NA,29,NA,NA
1839,Maryland,3,5,"470,019","89,737","113,912","166,600","83,161","54,200",95.153,44.723735,18.002027,18.002027,8.463603,3.226346,0.000547,6.311531,0.000000,4.352580,0.260150,7.093176,6.262162,0.831015,15.015801,4.457372,2.042748,1.220351,0.971256,0.994933,0.455818,0.131058,1.037584,3.704682,NA,30,NA,NA
1839,Massachusetts,1,1,"737,699",0,"279,454","263,200","79,640",NA,209.161,154.297588,15.031096,14.405022,9.056618,0.464077,0.000000,4.884328,0.626074,14.084305,0.520301,42.382655,41.287812,1.094843,82.279231,17.304009,39.564271,3.821470,3.503296,1.749924,2.378952,0.684001,2.182262,11.091046,NA,79,NA,NA
1839,Michigan,2,3,"212,267",0,"9,102","63,900","54,603",NA,81.573,17.315243,8.168082,4.379458,2.481128,0.968352,0.000000,0.929978,3.788625,1.492509,0.007031,1.938931,1.401026,0.537905,5.708689,1.261356,0.220488,0.000000,0.672142,0.147988,0.428447,0.000000,0.401757,2.576511,NA,9,NA,NA
1839,Minnesota,2,4,NA,NA,NA,NA,NA,NA,NA,NA,NA,NA,NA,NA,NA,NA,NA,NA,NA,NA,NA,NA,NA,NA,NA,NA,NA,NA,NA,NA,NA,NA,NA,NA,NA,NA
1839,Mississippi,3,6,"375,651","195,211","3,612","176,100","145,313","118,300",149.440,56.137271,41.283887,34.235003,11.629551,0.176343,16.310485,6.118624,7.048884,0.942320,0.000000,4.815802,1.592075,3.223727,9.095262,2.437202,0.166619,0.000000,1.208811,2.126530,0.245901,0.169685,0.120304,2.620209,NA,31,NA,NA
1839,Missouri,2,4,"383,702","58,240","16,469","121,300","94,633","33,200",102.530,39.340921,16.418610,11.526683,7.950631,0.469215,0.007661,3.099177,4.891927,2.208981,0.070311,7.793115,2.366885,5.426230,12.849903,3.724174,1.902899,0.229244,0.930878,0.869380,0.998966,0.287224,0.480004,3.427135,NA,20,NA,NA
1839,Montana,4,8,NA,NA,NA,NA,NA,NA,NA,NA,NA,NA,NA,NA,NA,NA,NA,NA,NA,NA,NA,NA,NA,NA,NA,NA,NA,NA,NA,NA,NA,NA,NA,NA,NA,NA
1839,Nebraska,2,4,NA,NA,NA,NA,NA,NA,NA,NA,NA,NA,NA,NA,NA,NA,NA,NA,NA,NA,NA,NA,NA,NA,NA,NA,NA,NA,NA,NA,NA,NA,NA,NA,NA,NA
1839,Nevada,4,8,NA,NA,NA,NA,NA,NA,NA,NA,NA,NA,NA,NA,NA,NA,NA,NA,NA,NA,NA,NA,NA,NA,NA,NA,NA,NA,NA,NA,NA,NA,NA,NA,NA,NA
1839,New Hampshire,1,1,"284,574",1,"28,531","92,000","59,572",0,111.630,31.766967,10.084011,9.986570,6.755255,0.651539,0.000000,2.579776,0.097441,3.750720,0.024609,8.240598,5.699629,2.540969,9.667029,2.416450,0.762874,0.433618,1.233229,0.388491,0.404905,0.038806,0.495237,3.493419,NA,18,NA,NA
1839,New Jersey,1,2,"373,306",674,"39,548","111,700","57,994",600,125.137,46.714314,15.063278,14.682947,8.123448,1.593440,0.000000,4.966059,0.380330,4.575126,0.256635,11.448818,10.497081,0.951737,15.370457,3.955598,3.212167,0.637303,1.209707,0.295214,0.297552,0.228140,1.010927,4.523850,NA,31,NA,NA
1839,New Mexico,4,8,NA,NA,NA,NA,NA,NA,NA,NA,NA,NA,NA,NA,NA,NA,NA,NA,NA,NA,NA,NA,NA,NA,NA,NA,NA,NA,NA,NA,NA,NA,NA,NA,NA,NA
1839,New York,1,2,"2,428,921",4,"471,266","759,100","453,862",NA,141.530,343.765944,100.253546,92.662914,56.338638,12.631469,0.000000,23.692807,7.590632,29.862163,1.835115,71.081161,49.195118,21.886043,140.733960,50.445570,18.607264,10.509501,10.730257,4.780310,6.164957,1.085241,8.258448,30.152413,NA,194,NA,NA
1839,North Carolina,3,5,"753,419","245,817","13,310","291,300","231,517","141,100",69.749,52.550523,33.323991,33.211090,19.783858,1.801551,3.830764,7.794916,0.112901,0.784975,0.112497,9.271361,2.600389,6.670972,9.057698,1.843599,0.502745,0.000000,0.495488,1.459454,0.292424,0.182170,0.317922,3.963895,NA,38,NA,NA
1839,North Dakota,2,4,NA,NA,NA,NA,NA,NA,NA,NA,NA,NA,NA,NA,NA,NA,NA,NA,NA,NA,NA,NA,NA,NA,NA,NA,NA,NA,NA,NA,NA,NA,NA,NA,NA,NA
1839,Ohio,2,3,"1,519,467",3,"83,491","408,800","293,109",NA,83.067,126.217408,42.570460,33.925583,19.674367,7.505240,0.000000,6.745976,8.644877,12.428202,0.632798,22.941894,14.190695,8.751199,47.644053,14.130359,3.636079,3.822058,3.732080,0.970216,0.892244,0.940645,3.172849,16.347522,NA,73,NA,NA
1839,Oklahoma,3,7,NA,NA,NA,NA,NA,NA,NA,NA,NA,NA,NA,NA,NA,NA,NA,NA,NA,NA,NA,NA,NA,NA,NA,NA,NA,NA,NA,NA,NA,NA,NA,NA,NA,NA
1839,Oregon,4,9,NA,NA,NA,NA,NA,NA,NA,NA,NA,NA,NA,NA,NA,NA,NA,NA,NA,NA,NA,NA,NA,NA,NA,NA,NA,NA,NA,NA,NA,NA,NA,NA,NA,NA
1839,Pennsylvania,1,2,"1,724,033",64,"307,977","495,500","238,177",NA,110.769,190.969301,61.453316,58.840153,34.259661,14.772618,0.000000,9.807874,2.613163,19.324623,3.308129,38.841639,32.690607,6.151032,68.041595,24.159185,6.082946,3.572178,4.532767,2.112275,2.001386,0.959070,5.598400,19.023388,NA,130,NA,NA
1839,Rhode Island,1,1,"108,830",5,"47,662","39,500","12,206",NA,189.277,20.598971,2.177408,2.177408,1.317488,0.021096,0.000000,0.838824,0.000000,2.096455,0.049218,8.626515,8.384928,0.241587,7.649375,2.521373,2.436647,0.000000,0.366817,0.262006,0.455127,0.065429,0.115971,1.426005,NA,13,NA,NA
1839,South Carolina,3,5,"594,398","327,038","33,601","284,600","215,189","197,800",72.862,43.309055,25.476787,25.474345,12.946903,0.863953,4.879053,6.784437,0.002442,0.806809,0.042187,6.760112,2.366885,4.393227,10.223160,2.544370,0.634484,0.569972,0.825865,2.445284,0.390303,0.030606,0.050631,2.731646,NA,33,NA,NA
1839,South Dakota,2,4,NA,NA,NA,NA,NA,NA,NA,NA,NA,NA,NA,NA,NA,NA,NA,NA,NA,NA,NA,NA,NA,NA,NA,NA,NA,NA,NA,NA,NA,NA,NA,NA,NA,NA
1839,Tennessee,3,6,"829,210","183,059","6,929","267,600","222,732","103,700",85.023,70.502053,40.156398,37.556502,24.230812,3.088575,1.752136,8.484979,2.599896,2.058498,0.316399,16.438665,2.812666,13.625999,11.532092,2.531729,0.273052,0.000000,1.000676,1.207591,0.520203,0.282520,0.400606,5.315714,NA,39,NA,NA
1839,Texas,3,7,NA,NA,NA,NA,NA,NA,NA,NA,NA,NA,NA,NA,NA,NA,NA,NA,NA,NA,NA,NA,NA,NA,NA,NA,NA,NA,NA,NA,NA,NA,NA,NA,NA,NA
1839,Utah,4,8,NA,NA,NA,NA,NA,NA,NA,NA,NA,NA,NA,NA,NA,NA,NA,NA,NA,NA,NA,NA,NA,NA,NA,NA,NA,NA,NA,NA,NA,NA,NA,NA,NA,NA
1839,Vermont,1,1,"291,948",0,0,"85,200","70,019",NA,109.072,31.843265,13.762360,13.419221,9.583654,0.745724,0.000000,3.089844,0.343138,1.918164,0.126560,6.400082,3.215992,3.184091,9.636099,2.488512,0.239201,0.446863,1.280975,0.000000,0.417274,0.119975,0.737194,3.906106,NA,19,NA,NA
1839,Virginia,3,5,"1,239,797","449,087","70,394","494,000","338,589","267,800",89.547,111.019985,57.907411,57.907411,30.478232,9.487183,0.336873,17.605122,0.000000,4.634130,0.643345,19.984729,8.459225,11.525503,27.850370,8.140711,3.029209,0.475817,2.123171,3.419169,1.851294,0.383247,0.935914,7.491837,NA,68,NA,NA
1839,Washington,4,9,NA,NA,NA,NA,NA,NA,NA,NA,NA,NA,NA,NA,NA,NA,NA,NA,NA,NA,NA,NA,NA,NA,NA,NA,NA,NA,NA,NA,NA,NA,NA,NA,NA,NA
1839,West Virginia,3,5,NA,NA,NA,NA,NA,NA,NA,NA,NA,NA,NA,NA,NA,NA,NA,NA,NA,NA,NA,NA,NA,NA,NA,NA,NA,NA,NA,NA,NA,NA,NA,NA,NA,NA
1839,Wisconsin,2,3,"30,945",11,0,"12,300","7,052",NA,224.194,6.937670,1.235117,0.634448,0.400901,0.002119,0.000000,0.231428,0.600669,0.577373,0.130075,0.377735,0.318415,0.059320,4.617369,0.943103,0.294072,0.400052,0.218831,0.573469,1.120687,0.107407,0.533052,0.426696,NA,2,NA,NA
1839,Wyoming,4,8,NA,NA,NA,NA,NA,NA,NA,NA,NA,NA,NA,NA,NA,NA,NA,NA,NA,NA,NA,NA,NA,NA,NA,NA,NA,NA,NA,NA,NA,NA,NA,NA,NA,NA
1849,Alabama,3,6,"771,623","342,844","35,179","342,600","265,626","209,000",97.326,75.098829,48.710213,46.501346,18.547863,0.234312,19.382177,8.336994,2.208867,1.239577,0.128734,12.420260,2.219815,10.200445,12.600046,3.077536,0.447047,0.000000,1.682295,2.189417,0.000000,0.222828,0.270343,4.710580,NA,NA,NA,NA
1849,Arizona,4,8,NA,NA,NA,NA,NA,NA,NA,NA,NA,NA,NA,NA,NA,NA,NA,NA,NA,NA,NA,NA,NA,NA,NA,NA,NA,NA,NA,NA,NA,NA,NA,NA,NA,NA
1849,Arkansas,3,7,"209,897","47,100",0,"76,400","64,108","28,600",106.240,22.299500,13.229639,11.832756,7.761155,0.157766,2.076159,1.837676,1.396884,0.784797,0.007336,3.676283,0.310361,3.365922,4.601445,1.167815,0.047898,0.000000,0.559384,0.321005,0.344346,0.238744,0.096551,1.825703,NA,NA,NA,NA
1849,California,4,9,"92,597",0,"6,820","78,000","4,033",NA,"1,293.385",119.763558,1.093498,0.256648,-0.013229,0.013442,0.000000,0.256435,0.836851,2.817221,31.466918,11.272604,11.235686,0.036918,73.113318,42.132928,8.302310,3.109971,3.729226,5.975801,2.869549,0.265271,0.000000,6.728261,NA,NA,NA,NA
1849,Colorado,4,8,NA,NA,NA,NA,NA,NA,NA,NA,NA,NA,NA,NA,NA,NA,NA,NA,NA,NA,NA,NA,NA,NA,NA,NA,NA,NA,NA,NA,NA,NA,NA,NA,NA,NA
1849,Connecticut,1,1,"370,792",0,"59,321","129,500","49,854",NA,156.157,57.901948,8.764240,8.764240,5.668934,0.387292,0.000000,2.708014,0.000000,5.048459,1.766122,23.661500,22.647573,1.013927,18.661627,5.924256,3.567439,0.000000,2.030356,0.319434,0.112486,0.259966,1.166979,5.280711,NA,NA,NA,NA
1849,Dakota Territory,2,4,NA,NA,NA,NA,NA,NA,NA,NA,NA,NA,NA,NA,NA,NA,NA,NA,NA,NA,NA,NA,NA,NA,NA,NA,NA,NA,NA,NA,NA,NA,NA,NA,NA,NA
1849,Delaware,3,5,"91,532","2,290","13,979","27,400","15,253","1,400",90.223,8.258334,2.648724,2.648724,1.745292,0.414715,0.000000,0.488718,0.000000,0.690622,0.038774,1.920590,1.719541,0.201048,2.959625,0.857314,0.398511,0.242578,0.000000,0.101090,0.179060,0.041382,0.125516,1.014175,NA,NA,NA,NA
1849,District of Columbia,3,5,"51,687","3,687","48,367","16,400",881,"2,500",159.164,8.226725,0.297015,0.297015,0.036053,0.015552,0.000000,0.245410,0.000000,1.893172,0.083312,1.248446,1.237502,0.010943,4.704780,1.525945,0.375520,0.304777,0.162428,0.249621,1.124863,0.051993,0.220780,0.688853,NA,NA,NA,NA
1849,Florida,3,5,"87,445","39,310",0,"39,000","29,831","24,200",121.995,10.667891,5.779831,5.439233,2.822547,0.001223,1.433934,1.181529,0.340597,0.248720,0.000000,0.829996,0.431380,0.398615,3.809344,0.660388,0.920918,0.320327,0.085358,0.373024,0.472902,0.163938,0.033149,0.779341,NA,NA,NA,NA
1849,Georgia,3,5,"906,185","381,682","38,994","390,300","301,061","232,500",94.728,85.841069,53.534809,51.252466,23.161671,0.863465,17.128065,10.099266,2.282343,1.332948,0.179409,13.241547,3.542929,9.698618,17.552356,4.814145,0.413838,0.223918,2.148034,2.661641,0.165286,0.496588,0.741511,5.887394,NA,NA,NA,NA
1849,Idaho,4,8,NA,NA,NA,NA,NA,NA,NA,NA,NA,NA,NA,NA,NA,NA,NA,NA,NA,NA,NA,NA,NA,NA,NA,NA,NA,NA,NA,NA,NA,NA,NA,NA,NA,NA
1849,Illinois,2,3,"851,470",0,"64,427","236,100","173,858",NA,100.129,85.256957,35.662498,32.724388,22.925286,4.910356,0.000000,4.888746,2.938109,8.552277,0.522892,13.394596,7.298431,6.096165,27.124694,8.330413,1.628530,0.264348,2.888078,0.831180,0.682953,0.586250,1.395161,10.517783,NA,NA,NA,NA
1849,Indiana,2,3,"988,416",0,"44,632","270,000","200,933",NA,83.575,82.606858,29.876448,27.828473,20.320391,3.426486,0.000519,4.081077,2.047975,7.973539,0.226602,16.652722,8.050710,8.602012,27.877547,6.644180,1.992554,0.970311,3.749115,0.932225,0.537180,0.869029,0.979027,11.203928,NA,NA,NA,NA
1849,Iowa,2,4,"192,214",0,"9,730","53,600","39,099",NA,82.631,15.882883,5.735704,4.567544,3.298037,0.702265,0.000000,0.567242,1.168161,1.737018,0.322000,2.318366,1.151284,1.167082,5.769795,1.748517,0.106014,0.258128,0.825402,0.000000,0.095269,0.044035,0.373974,2.318457,NA,NA,NA,NA
1849,Kansas,2,4,NA,NA,NA,NA,NA,NA,NA,NA,NA,NA,NA,NA,NA,NA,NA,NA,NA,NA,NA,NA,NA,NA,NA,NA,NA,NA,NA,NA,NA,NA,NA,NA,NA,NA
1849,Kentucky,3,6,"982,405","210,981","73,804","347,400","260,191","126,800",90.762,89.164987,38.961980,37.279237,25.293572,1.282983,0.026010,10.676672,1.682744,4.387620,0.796144,22.166013,9.196704,12.969309,22.853229,5.877544,1.321983,0.643764,2.859073,1.684186,0.950395,0.658934,0.910476,7.946875,NA,NA,NA,NA
1849,Louisiana,3,7,"517,762","244,809","134,470","256,100","159,959","162,900",134.684,69.734380,27.628980,25.308968,8.748457,0.000492,6.133990,10.426028,2.320012,6.278377,0.018164,4.896519,4.162217,0.734302,30.912340,13.621759,4.051527,1.617185,1.465171,3.891318,0.716239,0.551764,0.502065,4.495311,NA,NA,NA,NA
1849,Maine,1,1,"583,169",0,"78,925","182,000","90,218",NA,105.857,61.732647,10.093669,10.093669,6.810128,0.340537,0.000000,2.943003,0.000000,7.083298,1.001427,13.411127,10.702434,2.708694,30.143126,7.693839,9.132541,0.621994,1.243075,0.325953,0.918256,0.477488,1.255162,8.474818,NA,NA,NA,NA
1849,Maryland,3,5,"583,034","90,368","188,045","210,500","96,597","56,200",108.328,63.158706,15.499884,15.133721,7.494429,3.921474,0.000000,3.717818,0.366164,5.609489,2.041964,15.382389,14.792615,0.589775,24.624980,9.163912,4.582875,1.072940,1.486718,1.105107,0.475197,0.219645,1.487850,5.030736,NA,NA,NA,NA
1849,Massachusetts,1,1,"994,514",0,"503,861","368,100","68,528",NA,191.560,190.509222,11.628203,11.628203,6.692285,0.281468,0.000000,4.654450,0.000000,20.091612,3.380621,70.346007,69.263091,1.082915,85.062779,34.543506,16.985249,3.050882,5.871458,2.723879,2.252022,1.040924,2.841495,15.753365,NA,NA,NA,NA
1849,Michigan,2,3,"397,654",0,"29,025","121,900","79,832",NA,82.080,32.639289,10.620158,9.573112,5.066091,2.668903,0.000000,1.838118,1.047046,2.904152,0.083225,6.647100,4.848963,1.798136,12.384655,3.868902,0.674403,0.000000,1.312687,0.286838,0.505041,0.000000,0.651397,5.085386,NA,NA,NA,NA
1849,Minnesota,2,4,"6,077",0,0,"2,400",984,NA,146.927,0.892876,0.098115,0.040247,0.022072,0.000801,0.000000,0.017374,0.057867,0.000000,0.000000,0.032759,0.032759,0.000000,0.762002,0.125483,0.087494,0.000000,0.113534,0.000000,0.314503,0.000000,0.000000,0.120989,NA,NA,NA,NA
1849,Mississippi,3,6,"606,526","309,878","10,723","280,200","221,107","188,900",110.162,66.816061,43.354652,40.471234,15.445102,0.110825,17.767726,7.147581,2.883418,1.529348,0.027945,7.715545,1.576566,6.138979,14.188570,3.045478,0.242683,0.000000,1.968202,2.892027,0.545214,0.604818,0.366894,4.523253,NA,NA,NA,NA
1849,Missouri,2,4,"682,044","87,422","80,558","221,000","152,173","51,900",112.274,76.575855,26.980266,24.630094,15.688085,1.541411,0.000000,7.400598,2.350172,4.105093,1.274166,19.937628,11.105323,8.832304,24.278702,8.449484,2.825979,0.233248,2.237535,1.397405,1.205210,0.557070,0.796545,6.576226,NA,NA,NA,NA
1849,Montana,4,8,NA,NA,NA,NA,NA,NA,NA,NA,NA,NA,NA,NA,NA,NA,NA,NA,NA,NA,NA,NA,NA,NA,NA,NA,NA,NA,NA,NA,NA,NA,NA,NA,NA,NA
1849,Nebraska,2,4,NA,NA,NA,NA,NA,NA,NA,NA,NA,NA,NA,NA,NA,NA,NA,NA,NA,NA,NA,NA,NA,NA,NA,NA,NA,NA,NA,NA,NA,NA,NA,NA,NA,NA
1849,Nevada,4,8,NA,NA,NA,NA,NA,NA,NA,NA,NA,NA,NA,NA,NA,NA,NA,NA,NA,NA,NA,NA,NA,NA,NA,NA,NA,NA,NA,NA,NA,NA,NA,NA,NA,NA
1849,New Hampshire,1,1,"317,976",0,"54,327","113,700","54,631",0,120.085,38.184012,9.005001,9.005001,5.946045,0.265236,0.000000,2.793720,0.000000,4.728101,0.216314,12.113766,10.038706,2.075061,12.120830,3.749831,1.079939,0.276787,1.548872,0.483497,0.306468,0.047218,0.515582,4.112636,NA,NA,NA,NA
1849,New Jersey,1,2,"489,555",236,"86,195","149,200","62,040",NA,133.115,65.166975,16.271925,16.129488,8.909001,2.199912,0.000000,5.020575,0.142437,6.233302,0.772429,17.782984,17.188183,0.594801,24.106335,9.349846,3.484416,0.547355,1.896104,0.478064,0.303024,0.373502,1.416081,6.257943,NA,NA,NA,NA
1849,New Mexico,4,8,"61,547",0,"4,539","19,400","12,991",NA,48.327,2.974412,0.804105,0.534542,0.297283,0.152476,0.000000,0.084783,0.269563,0.127982,0.000000,0.165541,0.133724,0.031818,1.876783,0.194178,0.000000,0.000000,0.000000,0.748605,0.425841,0.000000,0.034115,0.474044,NA,NA,NA,NA
1849,New York,1,2,"3,097,394",0,"904,194","1,036,300","433,477",NA,136.295,422.159336,88.012015,88.012015,55.489996,13.734541,0.000000,18.787478,0.000000,41.582176,6.178305,105.936241,99.183833,6.752407,180.450600,77.652819,20.576956,7.277332,12.157275,6.453866,5.061884,1.432465,9.326823,40.511180,NA,NA,NA,NA
1849,North Carolina,3,5,"869,039","288,548","21,109","347,900","272,805","170,600",67.853,58.966972,30.573577,29.544056,18.342557,1.739256,2.533913,6.928330,1.029522,0.956245,1.333442,15.348176,4.343971,11.004205,10.755532,1.978416,0.482811,0.000000,0.716011,1.496002,0.371894,0.372441,0.556134,4.781823,NA,NA,NA,NA
1849,North Dakota,2,4,NA,NA,NA,NA,NA,NA,NA,NA,NA,NA,NA,NA,NA,NA,NA,NA,NA,NA,NA,NA,NA,NA,NA,NA,NA,NA,NA,NA,NA,NA,NA,NA,NA,NA
1849,Ohio,2,3,"1,980,329",0,"242,418","583,100","360,184",NA,91.234,180.673750,55.193189,52.618265,35.093690,8.703279,0.000000,8.821296,2.574923,18.081727,3.838574,36.021669,26.991639,9.030030,67.538591,23.504678,4.981386,2.910933,6.140791,1.440711,0.805769,1.365616,3.941210,22.447495,NA,NA,NA,NA
1849,Oklahoma,3,7,NA,NA,NA,NA,NA,NA,NA,NA,NA,NA,NA,NA,NA,NA,NA,NA,NA,NA,NA,NA,NA,NA,NA,NA,NA,NA,NA,NA,NA,NA,NA,NA,NA,NA
1849,Oregon,4,9,"12,093",NA,0,"4,900","2,683",NA,520.270,6.291619,1.120265,0.563445,0.058914,0.164445,0.000000,0.340086,0.556820,1.609840,0.000000,1.374986,1.374986,0.000000,2.186527,0.457967,0.319320,0.000000,0.000000,0.000000,0.000000,0.530543,0.000000,0.878699,NA,NA,NA,NA
1849,Pennsylvania,1,2,"2,311,786",0,"544,654","717,100","290,256",NA,117.608,271.885147,62.291026,60.342218,34.494005,14.903617,0.000000,10.944596,1.948808,28.526371,21.956997,69.313069,65.362187,3.950882,89.797685,35.464935,7.510397,2.487977,5.303787,2.868385,1.652860,1.273302,6.359490,26.876552,NA,NA,NA,NA
1849,Rhode Island,1,1,"147,545",0,"82,084","56,500","10,135",NA,155.626,22.961772,1.735251,1.735251,0.968441,0.012146,0.000000,0.754664,0.000000,3.058697,0.224799,8.744704,8.604971,0.139733,9.198321,3.741587,2.002134,0.000000,0.314912,0.412874,0.436171,0.100803,0.152872,2.036967,NA,NA,NA,NA
1849,South Carolina,3,5,"668,507","384,984","49,045","330,700","243,459","238,800",83.214,55.628953,33.514698,32.759899,13.234461,0.842693,10.688919,7.993825,0.754799,0.956245,0.135116,8.899299,4.102513,4.796786,12.123595,3.022580,0.084300,1.026290,1.312687,2.502063,0.833317,0.105047,0.148688,3.088621,NA,NA,NA,NA
1849,South Dakota,2,4,NA,NA,NA,NA,NA,NA,NA,NA,NA,NA,NA,NA,NA,NA,NA,NA,NA,NA,NA,NA,NA,NA,NA,NA,NA,NA,NA,NA,NA,NA,NA,NA,NA,NA
1849,Tennessee,3,6,"1,002,717","239,459","21,983","345,100","279,898","143,100",80.876,81.095273,41.387577,39.673446,25.048489,1.121016,6.180821,7.323120,1.714130,2.707751,0.098381,20.940848,4.392312,16.548536,15.960715,4.303054,0.296329,0.000000,1.538098,1.431139,0.599162,0.523115,0.634662,6.635156,NA,NA,NA,NA
1849,Texas,3,7,"212,592","58,161","7,665","83,200","63,078","35,200",126.673,26.929638,15.417926,12.800099,8.460071,0.033488,1.992945,2.313595,2.617827,0.965904,0.000000,2.153705,0.745646,1.408059,8.392102,1.648680,0.319320,0.621994,0.662973,0.635428,1.606947,0.053054,0.514938,2.328767,NA,NA,NA,NA
1849,Utah,4,8,"11,380",26,0,"3,300","2,317",NA,79.630,0.906195,0.452269,0.276002,0.084330,0.083736,0.000000,0.107936,0.176267,0.160984,0.000000,-0.037135,-0.044476,0.007341,0.330076,0.000000,0.000000,0.000000,0.000000,0.000000,0.000000,0.000000,0.000000,0.330076,NA,NA,NA,NA
1849,Vermont,1,1,"314,120",0,"6,110","102,000","70,968",NA,109.315,34.338170,13.023026,12.980387,8.979853,0.620008,0.000000,3.380526,0.042640,2.342318,1.511513,5.649700,4.237812,1.411888,11.811613,2.843057,0.929220,0.301667,2.009638,0.000000,0.334015,0.154388,0.811672,4.427956,NA,NA,NA,NA
1849,Virginia,3,5,"1,421,661","472,528","100,690","563,200","406,740","293,400",77.449,110.106543,47.800299,45.813362,26.338591,8.934801,0.154821,10.385149,1.986936,5.388941,1.911455,22.453808,11.081535,11.372274,32.552040,10.693332,2.034066,0.404296,2.370130,3.419009,2.163640,0.758676,1.297001,9.411889,NA,NA,NA,NA
1849,Washington,4,9,NA,NA,NA,NA,NA,NA,NA,NA,NA,NA,NA,NA,NA,NA,NA,NA,NA,NA,NA,NA,NA,NA,NA,NA,NA,NA,NA,NA,NA,NA,NA,NA,NA,NA
1849,West Virginia,3,5,NA,NA,NA,NA,NA,NA,NA,NA,NA,NA,NA,NA,NA,NA,NA,NA,NA,NA,NA,NA,NA,NA,NA,NA,NA,NA,NA,NA,NA,NA,NA,NA,NA,NA
1849,Wisconsin,2,3,"305,391",0,"28,623","89,100","54,851",NA,98.083,29.953665,8.238982,6.141208,2.820052,2.213585,0.000000,1.107572,2.097773,4.266077,0.068270,3.966642,3.736571,0.230071,13.413694,4.121700,0.894095,0.310997,0.911588,0.869207,1.033038,0.159163,0.675857,4.438050,NA,NA,NA,NA
1849,Wyoming,4,8,NA,NA,NA,NA,NA,NA,NA,NA,NA,NA,NA,NA,NA,NA,NA,NA,NA,NA,NA,NA,NA,NA,NA,NA,NA,NA,NA,NA,NA,NA,NA,NA,NA,NA
1859,Alabama,3,6,"964,201","435,080","48,901","448,100","342,800","269,500",130.021,125.366830,72.560357,69.987422,22.126069,1.048075,36.649544,10.163734,2.572935,2.349006,0.063698,21.005637,4.864301,16.141335,29.388132,9.515329,1.757427,0.207300,3.776266,4.827885,0.676231,0.429974,0.695340,7.502380,NA,NA,NA,"419,808,283"
1859,Arizona,4,8,NA,NA,NA,NA,NA,NA,NA,NA,NA,NA,NA,NA,NA,NA,NA,NA,NA,NA,NA,NA,NA,NA,NA,NA,NA,NA,NA,NA,NA,NA,NA,NA,NA,NA
1859,Arkansas,3,7,"435,450","111,115","3,727","163,800","130,879","68,700",143.356,62.424271,37.424193,34.638462,15.774480,0.835570,13.601412,4.427000,2.785731,2.544757,0.000900,10.578382,1.526545,9.051837,11.876039,2.767962,0.380776,0.000000,1.335822,1.400963,0.488389,0.310537,0.430448,4.761142,NA,NA,NA,"179,774,323"
1859,California,4,9,"379,994",0,"78,651","204,200","44,318",NA,556.556,211.487829,18.272729,14.670986,4.163040,4.954895,0.000000,5.553051,3.601743,14.882283,43.300408,41.578624,39.308178,2.270446,93.453785,42.319720,15.588012,3.394530,4.627210,1.988453,7.074595,0.717121,4.156862,13.587280,NA,NA,NA,"216,986,409"
1859,Colorado,4,8,"34,277",0,"4,749","29,500",814,NA,242.820,8.323135,0.043143,0.000000,0.000000,0.000000,0.000000,0.000000,0.043143,1.398218,0.000000,1.373621,1.373621,0.000000,5.508153,1.835519,1.647588,0.431874,0.481667,0.037948,0.000000,0.000000,0.137964,0.935594,NA,NA,NA,"11,720,461"
1859,Connecticut,1,1,"460,147",0,"122,121","162,000","50,133",NA,204.229,93.975436,12.732773,12.721434,8.420708,0.599748,0.000000,3.700978,0.011339,6.606580,0.836154,39.565394,39.130635,0.434759,34.234534,13.587428,8.073181,0.453468,1.938708,0.796899,0.739627,0.783807,1.267546,6.593870,NA,NA,NA,"354,668,121"
1859,Dakota Territory,2,4,"4,837",0,0,"1,000",766,NA,210.699,1.019152,0.055842,0.020643,0.014550,0.000826,0.000000,0.005268,0.035198,0.000000,0.000000,0.000000,0.000000,0.000000,0.963310,0.113448,0.000000,0.000000,0.000000,0.000000,0.725624,0.000000,0.042636,0.081602,NA,NA,NA,"805,880"
1859,Delaware,3,5,"112,216","1,798","21,258","35,800","16,539","1,100",128.889,14.463457,4.229288,4.192445,2.418191,0.920867,0.000000,0.853387,0.036843,1.748646,0.002776,3.842643,3.686418,0.156225,4.640103,1.836437,0.557434,0.000000,0.000000,0.333763,0.204278,0.064944,0.330079,1.313168,NA,NA,NA,"72,438,315"
1859,District of Columbia,3,5,"75,080","3,185","69,855","25,100","1,010","2,300",171.487,12.875262,0.470539,0.467183,0.042520,0.014658,0.000000,0.410005,0.003356,2.709047,0.000000,2.415656,2.411749,0.003908,7.280019,3.212158,0.640729,0.215937,0.321111,0.370351,1.174012,0.049766,0.310420,0.985537,NA,NA,NA,"52,121,197"
1859,Florida,3,5,"140,424","61,745","5,708","61,800","44,696","38,400",124.364,17.463711,8.764601,8.193967,4.110196,0.014485,2.412057,1.657228,0.570634,0.608225,0.000000,2.062957,1.501156,0.561801,6.027928,1.171061,1.274135,0.000000,0.838100,0.893449,0.272371,0.115456,0.120029,1.343329,NA,NA,NA,"29,733,608"
1859,Georgia,3,5,"1,057,286","462,198","75,466","476,500","353,146","281,700",113.442,119.940499,67.413613,65.741482,25.963353,2.168322,25.983117,11.626690,1.672131,4.199897,0.055895,19.332487,6.620155,12.712332,28.938606,8.249739,1.384889,1.153104,3.143677,4.889447,1.044871,0.730807,0.552547,7.789526,NA,NA,NA,"290,644,828"
1859,Idaho,4,8,NA,NA,NA,NA,NA,NA,NA,NA,NA,NA,NA,NA,NA,NA,NA,NA,NA,NA,NA,NA,NA,NA,NA,NA,NA,NA,NA,NA,NA,NA,NA,NA,NA,NA
1859,Illinois,2,3,"1,711,951",0,"245,545","516,700","314,459",NA,136.771,234.145312,102.303418,97.121090,65.797397,17.770117,0.064010,13.489566,5.182328,21.104353,1.699800,29.209185,21.010098,8.199087,79.828557,27.656679,8.169290,2.267338,5.816124,2.410620,3.081781,2.273040,3.621561,24.532123,NA,NA,NA,"904,182,620"
1859,Indiana,2,3,"1,350,428",0,"115,904","379,500","258,848",NA,119.068,160.792570,74.383476,72.250395,46.669763,13.899053,0.000000,11.681579,2.133081,13.873818,0.252621,23.701315,14.941191,8.760124,48.581341,15.020050,4.305696,0.423237,4.562988,1.537130,1.265585,1.072945,2.332285,18.061425,NA,NA,NA,"624,800,849"
1859,Iowa,2,4,"674,913",0,"60,028","192,200","131,678",NA,112.405,75.863490,33.840353,30.562337,21.355415,4.800476,0.000000,4.406446,3.278016,8.824503,0.122414,7.934189,5.112795,2.821394,25.142031,7.359512,1.721729,1.710221,1.668975,0.939203,1.046045,0.689750,0.887800,9.118796,NA,NA,NA,"271,525,250"
1859,Kansas,2,4,"107,206",2,"10,045","32,200","21,764",NA,151.235,16.213323,5.281294,4.338771,3.622327,0.140854,0.002635,0.572955,0.942523,1.919054,2.048292,1.624760,1.404974,0.219786,5.339923,2.127366,0.111670,0.263443,0.489694,0.108024,0.286459,0.000000,0.168316,1.784950,NA,NA,NA,"30,866,933"
1859,Kentucky,3,6,"1,155,684","225,483","120,624","412,400","294,491","136,200",131.977,152.524013,66.029924,64.779502,38.290888,6.716429,0.000000,19.772185,1.250422,8.222396,0.495539,33.527725,14.916966,18.610759,44.248430,12.908286,7.280508,1.047294,3.737733,3.313326,0.797154,0.410317,2.141205,12.612607,NA,NA,NA,"607,777,999"
1859,Louisiana,3,7,"708,002","331,726","185,026","351,000","219,277","221,000",196.513,139.131399,59.085312,56.376241,11.985760,0.047253,28.792969,15.550259,2.709071,9.474675,0.000000,12.901474,8.442341,4.459134,57.669938,26.661828,11.069045,0.900457,2.789652,5.775573,1.305501,0.345870,1.054737,7.767275,NA,NA,NA,"347,008,571"
1859,Maine,1,1,"628,279",0,"104,373","208,100","89,234",NA,144.388,90.715745,16.740194,16.740194,11.473012,0.419850,0.000000,4.847331,0.000000,7.982951,0.301948,20.234159,15.875505,4.358654,45.456493,14.165616,13.166973,1.133669,1.685833,1.102377,1.232712,1.358599,2.607524,9.003189,NA,NA,NA,"222,251,221"
1859,Maryland,3,5,"687,049","87,189","233,300","238,500","101,954","54,500",120.046,82.477418,23.886163,23.746432,11.622459,6.364231,0.000000,5.759742,0.139731,6.679986,0.765123,16.089852,15.494801,0.595051,35.056293,13.413971,6.689207,1.088322,1.753266,1.857737,1.183404,0.355326,1.738349,6.976710,NA,NA,NA,"361,301,233"
1859,Massachusetts,1,1,"1,231,066",0,"733,209","454,400","67,928",NA,214.453,264.006328,16.809604,16.809604,9.191495,0.421953,0.000000,7.196156,0.000000,22.908054,0.325910,117.138788,114.955082,2.183705,106.823972,39.223200,28.382448,4.845626,5.404299,2.941696,2.873981,2.005053,4.010620,17.137048,NA,NA,NA,"769,651,672"
1859,Michigan,2,3,"749,113",0,"99,701","239,000","142,878",NA,132.679,99.391296,32.313910,29.727605,17.105479,6.419859,0.000000,6.202267,2.586305,11.996710,3.333463,15.600199,14.332387,1.267811,36.147014,10.976402,4.854892,0.898298,3.339555,1.552309,0.976778,1.086879,1.829406,10.632495,NA,NA,NA,"345,449,701"
1859,Minnesota,2,4,"172,023",0,"16,223","53,900","33,811",NA,138.692,23.858141,8.534355,7.290888,3.944089,1.374359,0.000000,1.972441,1.243467,2.831391,0.000000,1.472470,1.401591,0.070879,11.019924,4.074852,1.427910,0.777373,0.770667,0.250454,0.563526,0.089578,0.248336,2.817230,NA,NA,NA,"60,205,009"
1859,Mississippi,3,6,"791,305","436,631","20,689","396,700","298,681","277,900",155.354,122.932176,78.443720,74.971759,19.507133,0.508696,44.518522,10.437407,3.471961,3.523509,0.000000,15.560558,3.285783,12.274775,25.404389,7.053899,0.922649,0.000000,3.236799,5.677530,0.739627,0.532989,0.391129,6.849767,NA,NA,NA,"381,107,062"
1859,Missouri,2,4,"1,182,012","114,931","203,487","378,700","254,865","67,900",133.299,157.561217,57.033231,53.272992,36.904675,3.200571,1.778978,11.388768,3.760239,13.188691,0.355726,34.730872,17.108707,17.622166,52.252697,17.718263,6.368843,1.058091,4.405644,2.882476,2.531170,0.902249,1.960472,14.425490,NA,NA,NA,"576,566,982"
1859,Montana,4,8,NA,NA,NA,NA,NA,NA,NA,NA,NA,NA,NA,NA,NA,NA,NA,NA,NA,NA,NA,NA,NA,NA,NA,NA,NA,NA,NA,NA,NA,NA,NA,NA,NA,NA
1859,Nebraska,2,4,"28,841",15,0,"10,300","5,456",NA,160.679,4.634142,1.527203,1.271451,0.962979,0.111551,0.000000,0.196922,0.255751,0.478890,0.000000,0.495156,0.353105,0.142051,2.132894,0.377199,0.250799,0.295834,0.549903,0.051988,0.000000,0.068179,0.000000,0.538992,NA,NA,NA,"13,399,167"
1859,Nevada,4,8,"6,857",0,0,"5,600",729,NA,16.606,0.113869,0.111205,0.022349,0.010264,0.003054,0.000000,0.009031,0.088855,0.000000,0.000000,0.002664,0.000000,0.002664,0.000000,0.000000,0.000000,0.000000,0.000000,0.000000,0.000000,0.000000,0.000000,0.000000,NA,NA,NA,"2,648,185"
1859,New Hampshire,1,1,"326,073",0,"72,038","117,800","48,576",0,158.330,51.627208,12.266736,12.266736,8.632563,0.319031,0.000000,3.315143,0.000000,4.600137,0.037574,18.492820,16.263235,2.229585,16.229942,5.262432,2.495180,0.608942,1.433761,0.386433,0.441428,0.608135,0.810540,4.183090,NA,NA,NA,"172,820,858"
1859,New Jersey,1,2,"672,035",18,"219,798","215,600","64,397",NA,182.355,122.548993,25.992516,25.917111,14.212801,3.152860,0.000000,8.551451,0.075405,13.090816,0.949708,33.519271,33.274263,0.245008,48.996682,20.622053,7.933136,1.848421,2.491019,1.522647,0.879335,0.638989,3.247678,9.813405,NA,NA,NA,"493,335,894"
1859,New Mexico,4,8,"93,516",0,"4,635","26,400","18,732",NA,115.479,10.799139,2.033345,1.809088,1.208866,0.359394,0.000703,0.240124,0.224257,0.534818,0.516678,1.075246,0.840735,0.234511,6.639051,1.216949,1.400450,0.000000,0.000000,0.219337,2.394984,0.000000,0.105543,1.301789,NA,NA,NA,"17,099,993"
1859,New York,1,2,"3,880,735",0,"1,524,344","1,347,000","432,300",NA,180.904,702.041389,127.651902,127.651902,81.084270,13.134486,0.000000,33.433146,0.000000,74.161481,0.979642,162.894385,156.518756,6.375629,336.353979,155.863075,53.403817,13.655856,16.704197,12.269971,8.382445,5.025323,17.027545,54.021752,NA,NA,NA,"2,316,743,547"
1859,North Carolina,3,5,"992,622","331,059","24,554","418,200","306,357","199,300",93.785,93.093250,45.294604,44.359870,22.776534,4.180535,5.387136,12.015665,0.934734,2.489702,0.130877,24.342777,6.177896,18.164882,20.835289,3.180036,2.114405,0.498814,2.287113,3.810932,0.542393,0.517313,0.584279,7.300004,NA,NA,NA,"316,505,381"
1859,North Dakota,2,4,NA,NA,NA,NA,NA,NA,NA,NA,NA,NA,NA,NA,NA,NA,NA,NA,NA,NA,NA,NA,NA,NA,NA,NA,NA,NA,NA,NA,NA,NA,NA,NA,NA,NA
1859,Ohio,2,3,"2,339,511",0,"400,435","690,700","384,590",NA,131.275,307.120429,109.382924,108.523348,73.717155,15.516437,0.000000,19.289757,0.859575,27.833277,2.544767,54.801088,49.506282,5.294806,112.558374,42.451878,15.069938,2.327801,7.159171,3.960589,1.725797,2.657977,5.915216,31.290008,NA,NA,NA,"1,269,256,606"
1859,Oklahoma,3,7,NA,NA,NA,NA,NA,NA,NA,NA,NA,NA,NA,NA,NA,NA,NA,NA,NA,NA,NA,NA,NA,NA,NA,NA,NA,NA,NA,NA,NA,NA,NA,NA,NA,NA
1859,Oregon,4,9,"52,465",0,"2,874","18,500","11,020",NA,364.603,19.128875,2.992935,2.247598,0.605556,0.685343,0.000000,0.956699,0.745337,3.688481,0.306861,1.884812,1.473819,0.410993,10.255786,4.171634,0.594368,0.000000,0.260642,0.102672,1.905863,0.000000,0.895872,2.324735,NA,NA,NA,"38,089,154"
1859,Pennsylvania,1,2,"2,906,215",0,"894,706","916,600","320,374",NA,169.424,492.382054,92.220951,91.230589,57.053222,16.783624,0.000000,17.393744,0.990362,50.634716,20.093817,135.201872,130.364160,4.837711,194.230698,82.108260,28.753155,4.074731,9.267265,7.111566,3.909459,3.342004,11.638662,44.025594,NA,NA,NA,"1,659,208,924"
1859,Rhode Island,1,1,"174,620",0,"110,535","68,500","11,730",NA,250.222,43.693794,2.283837,2.215112,1.378869,0.022358,0.000000,0.813885,0.068726,4.587903,0.044641,19.963994,19.894509,0.069485,16.813419,8.287367,1.922186,1.133669,0.505750,0.498062,0.616356,0.261269,1.086468,2.502291,NA,NA,NA,"103,515,552"
1859,South Carolina,3,5,"703,708","402,406","48,574","356,400","266,440","250,400",90.021,63.348653,36.227646,35.525704,12.412081,1.112771,13.083816,8.917036,0.701942,1.934784,0.031847,10.498349,3.259321,7.239027,14.656026,3.913326,0.675511,0.354137,1.448211,3.516265,0.288807,0.326462,0.311109,3.822198,NA,NA,NA,"306,385,897"
1859,South Dakota,2,4,NA,NA,NA,NA,NA,NA,NA,NA,NA,NA,NA,NA,NA,NA,NA,NA,NA,NA,NA,NA,NA,NA,NA,NA,NA,NA,NA,NA,NA,NA,NA,NA,NA,NA
1859,Tennessee,3,6,"1,109,801","275,719","46,541","402,500","307,423","165,500",117.248,130.121632,57.619814,56.736911,29.627228,4.661095,10.975520,11.473067,0.882904,5.799109,0.805180,36.373717,8.176851,28.196867,29.523811,8.557188,1.768411,0.000000,3.371666,3.075370,1.282021,0.606144,0.985065,9.877946,NA,NA,NA,"643,720,024"
1859,Texas,3,7,"604,215","182,566","26,615","243,100","180,793","110,800",159.464,96.350373,51.908255,46.842127,23.694871,1.285201,15.973375,5.888679,5.066129,4.260195,0.000000,8.250737,3.062325,5.188412,31.931185,6.309596,4.004554,0.809764,4.314930,2.654048,4.696047,0.559862,1.077846,7.504539,NA,NA,NA,"296,858,548"
1859,Utah,4,8,"40,273",29,"8,236","9,500","6,180",NA,117.273,4.722925,1.207154,0.965006,0.478939,0.318298,0.005035,0.162734,0.242148,0.169534,0.000000,1.033174,0.439473,0.593702,2.313063,0.356091,0.000000,0.418918,0.155739,0.049079,0.000000,0.000000,0.267651,1.065586,NA,NA,NA,"7,122,798"
1859,Vermont,1,1,"315,098",0,"6,213","101,100","62,036",NA,136.612,43.046233,17.304008,17.304008,13.065513,0.542753,0.000000,3.695742,0.000000,4.180672,0.042503,7.268408,6.705941,0.562467,14.250642,3.817879,1.427910,0.449149,1.419311,0.703801,0.854681,0.388171,0.717414,4.472326,NA,NA,NA,"179,716,596"
1859,Virginia,3,5,"1,596,318","490,865","135,956","642,800","441,321","307,000",98.203,156.763083,63.696280,62.634413,31.424584,11.565706,0.471172,19.172952,1.061867,7.149263,1.112953,32.903141,18.901168,14.001973,51.901445,18.280197,6.005458,1.574181,4.421699,4.978268,1.616614,0.725581,1.536577,12.762869,NA,NA,NA,"757,512,104"
1859,Washington,4,9,"11,594",0,NA,"6,100","2,674",NA,966.948,11.210791,0.650778,0.341910,0.110109,0.071552,0.000000,0.160249,0.308868,1.020699,0.048383,1.160882,0.863316,0.297566,8.330049,0.535971,1.069101,0.000000,0.000000,0.092339,6.170606,0.000000,0.000000,0.462031,NA,NA,NA,"9,918,960"
1859,West Virginia,3,5,NA,NA,0,NA,NA,NA,NA,NA,NA,NA,NA,NA,NA,NA,NA,NA,NA,NA,NA,NA,NA,NA,NA,NA,NA,NA,NA,NA,NA,NA,NA,NA,NA,NA
1859,Wisconsin,2,3,"775,881",0,"111,874","235,700","146,071",NA,113.980,88.434748,33.133981,29.712932,13.840599,11.332803,0.000000,4.539531,3.421048,8.808773,0.005252,11.356560,10.219868,1.136693,35.130182,12.720145,4.036590,0.680202,1.685833,1.109018,1.109441,1.149584,1.521056,11.118314,NA,NA,NA,"294,901,573"
1859,Wyoming,4,8,NA,NA,NA,NA,NA,NA,NA,NA,NA,NA,NA,NA,NA,NA,NA,NA,NA,NA,NA,NA,NA,NA,NA,NA,NA,NA,NA,NA,NA,NA,NA,NA,NA,NA
1869,Alabama,3,6,"996,992",NA,"62,700","394,200","312,509",NA,131.314,130.918793,71.123289,71.123289,24.996119,1.421990,35.369947,9.335234,0.000000,6.185630,0.069831,18.297388,5.095122,13.202267,35.242654,6.828112,4.059060,0.374240,4.766593,2.223945,0.588605,0.643579,0.843607,14.914913,NA,NA,NA,NA
1869,Arizona,4,8,"9,658",NA,"3,224","6,000","1,653",NA,566.713,5.473315,0.384723,0.108274,0.057004,0.031960,0.000000,0.019310,0.276449,1.132793,0.031174,0.070444,0.070444,0.000000,3.854180,0.447316,1.234238,0.000000,0.297740,0.049572,1.437240,0.000000,0.000000,0.388074,NA,NA,NA,NA
1869,Arkansas,3,7,"484,471",NA,"12,380","159,500","128,811",NA,180.463,87.429323,51.634502,51.634502,23.608257,0.952557,20.421379,6.652309,0.000000,4.360381,0.000000,11.438041,1.956787,9.481255,19.996398,4.687187,0.615853,0.000000,3.947578,0.805657,0.553227,0.528085,0.533006,8.325806,NA,NA,NA,NA
1869,California,4,9,"560,247",NA,"208,438","238,700","66,225",NA,443.237,248.322311,66.573165,62.018338,34.083287,16.118038,0.000000,11.817013,4.554827,30.327481,9.411647,32.760335,29.220701,3.539634,109.249682,39.901305,20.323149,12.860257,5.290616,4.985629,4.494803,1.930738,3.462624,16.000561,NA,NA,NA,NA
1869,Colorado,4,8,"39,864",NA,"4,759","17,500","7,789",NA,374.292,14.920769,2.167827,1.119427,0.672026,0.171778,0.000000,0.275623,1.048400,3.195057,1.071839,1.854928,1.177999,0.676930,6.631117,1.548403,3.006477,0.386612,0.229031,0.133463,0.000000,0.094979,0.000000,1.232153,NA,NA,NA,NA
1869,Connecticut,1,1,"537,454",NA,"177,153","193,500","43,874",NA,308.162,165.623065,21.772612,21.772612,13.778155,0.467858,0.000000,7.526599,0.000000,23.903674,1.601175,70.439128,69.813398,0.625730,47.906476,14.604534,7.895324,2.254720,3.858714,2.470965,0.931332,2.584955,2.541280,10.764652,NA,NA,NA,NA
1869,Dakota Territory,2,4,"14,181",NA,0,"5,900","2,738",NA,253.018,3.588044,0.558736,0.271948,0.132214,0.083208,0.000000,0.056526,0.286788,0.418892,0.000000,0.087563,0.067875,0.019689,2.522853,0.868411,0.000000,0.000000,0.000000,0.000000,1.275534,0.000000,0.062842,0.316065,NA,NA,NA,NA
1869,Delaware,3,5,"125,015",NA,"30,841","40,300","17,580",NA,245.236,30.658235,6.742357,6.646021,3.118574,0.946131,0.000000,2.581316,0.096336,3.443691,0.012583,6.546935,6.158679,0.388256,13.912668,5.582508,2.073519,0.964983,1.143323,0.690040,0.206963,0.296335,0.543813,2.411184,NA,NA,NA,NA
1869,District of Columbia,3,5,"131,700",NA,"120,583","49,100","1,147",NA,278.852,36.724766,0.344405,0.333784,0.028617,0.006953,0.000000,0.298214,0.010621,9.798175,0.000000,4.252357,4.243551,0.008805,22.329830,6.434473,1.624552,1.417577,1.679560,2.139215,4.945580,0.208954,0.894735,2.985183,NA,NA,NA,NA
1869,Florida,3,5,"187,748",NA,"15,275","61,800","42,979",NA,135.402,25.421409,10.918552,10.918552,5.718067,0.000658,3.276819,1.923008,0.000000,1.951889,0.000000,3.748233,2.202100,1.546133,8.802735,1.734211,1.822874,0.000000,0.659609,0.457586,0.955212,0.136770,0.250991,2.785481,NA,NA,NA,NA
1869,Georgia,3,5,"1,184,109",NA,"100,053","460,800","346,432",NA,134.192,158.897842,81.492245,81.492245,26.300716,2.988373,39.030786,13.172370,0.000000,10.511157,0.062783,24.863910,11.795871,13.068038,41.967747,8.701335,5.795221,0.674251,4.493588,3.682576,0.771245,0.828219,1.063921,15.957390,NA,NA,NA,NA
1869,Idaho,4,8,"14,999",NA,0,"10,800","1,822",NA,587.899,8.817893,0.839543,0.323035,0.137871,0.056359,0.000000,0.128806,0.516507,0.000000,2.380674,0.740548,0.332802,0.407745,4.857129,0.963451,0.886119,0.000000,0.641287,0.080078,1.238238,0.398913,0.000000,0.649044,NA,NA,NA,NA
1869,Illinois,2,3,"2,539,891",NA,"596,042","742,000","394,048",NA,228.844,581.238159,211.232146,201.215058,151.475333,20.079189,0.000000,29.660536,10.017088,75.473057,8.831281,89.500322,72.969620,16.530702,196.201354,64.853987,33.925716,8.660106,14.218243,6.955308,3.042527,7.051260,7.250839,50.243369,NA,NA,NA,NA
1869,Indiana,2,3,"1,680,637",NA,"247,657","459,400","280,832",NA,202.078,339.619738,136.942285,134.231689,92.397791,21.595939,0.000000,20.237959,2.710596,43.499249,1.440098,49.647807,42.537344,7.110463,108.090300,33.172979,16.390678,4.101179,10.004073,3.343124,1.517726,2.904086,4.241741,32.414715,NA,NA,NA,NA
1869,Iowa,2,4,"1,194,020",NA,"156,327","344,300","220,481",NA,219.958,262.634562,118.633956,107.735591,80.359949,12.769160,0.000000,14.606482,10.898366,33.772334,1.320957,23.753258,17.631751,6.121507,85.154057,27.796237,12.515171,3.920244,5.728523,2.268407,1.345257,3.980771,2.651088,24.948359,NA,NA,NA,NA
1869,Kansas,2,4,"364,399",NA,"51,870","123,800","75,116",NA,252.922,92.164342,28.028196,21.172708,16.151400,1.624485,0.000000,3.396822,6.855489,16.512055,0.227191,7.139202,5.297011,1.842191,40.257698,11.324673,8.521937,1.735114,2.912358,1.012562,4.217526,1.065667,1.043005,8.424856,NA,NA,NA,NA
1869,Kentucky,3,6,"1,321,011",NA,"195,896","419,600","263,286",NA,171.605,226.692675,94.563901,94.563901,64.931801,5.921364,0.088943,23.621793,0.000000,18.733491,0.647680,43.272050,23.501494,19.770556,69.475554,16.739954,9.413753,3.654255,6.367061,4.791536,1.905559,1.478637,2.422756,22.702042,NA,NA,NA,NA
1869,Louisiana,3,7,"726,915",NA,"202,523","285,000","150,360",NA,193.928,140.968952,49.611655,49.611655,9.273562,0.015466,28.892734,11.429893,0.000000,17.776136,0.001287,11.745477,10.989205,0.756272,61.834398,23.983037,7.639615,2.103169,4.049268,4.278430,1.503574,1.872991,1.125972,15.278342,NA,NA,NA,NA
1869,Maine,1,1,"626,915",NA,"131,744","208,200","81,781",NA,203.654,127.673609,25.619233,25.619233,17.478166,0.681140,0.000000,7.459927,0.000000,13.777086,0.795141,33.462764,28.167971,5.294793,54.019385,13.565384,16.180541,1.428917,2.821662,1.738217,0.953443,2.925361,2.469468,11.936392,NA,NA,NA,NA
1869,Maryland,3,5,"780,894",NA,"295,459","258,600","80,958",NA,200.980,156.944318,32.919950,32.919950,16.561600,6.452962,0.000000,9.905389,0.000000,23.975708,3.032276,28.520843,27.774058,0.746785,68.495540,25.541075,12.866454,1.667070,3.244911,4.521713,1.634474,1.521188,2.630521,14.868135,NA,NA,NA,NA
1869,Massachusetts,1,1,"1,457,351",NA,"972,081","579,900","68,577",NA,335.373,488.755609,26.534715,26.431876,14.882464,0.335401,0.000000,11.214010,0.102839,81.979355,1.823401,206.220412,205.288480,0.931932,172.197726,65.294421,34.533340,8.165243,11.872966,7.772862,2.688745,5.288445,7.752820,28.828884,NA,NA,NA,NA
1869,Michigan,2,3,"1,184,059",NA,"237,985","379,800","200,840",NA,217.839,257.934131,75.287033,68.305681,40.765791,13.265520,0.000000,14.274370,6.981352,40.312325,8.496899,50.967247,46.998887,3.968359,82.870627,24.309922,12.918356,4.855845,6.328584,3.544157,0.624868,3.638465,3.666903,22.983527,NA,NA,NA,NA
1869,Minnesota,2,4,"439,706",NA,"70,754","132,700","82,509",NA,218.776,96.197313,34.860216,28.276696,14.834529,9.248386,0.000000,4.193781,6.583520,15.452458,0.040229,10.711185,8.667810,2.043375,35.133225,10.959250,5.870541,2.435655,1.442895,1.454742,0.928678,1.063768,1.464112,9.513583,NA,NA,NA,NA
1869,Mississippi,3,6,"827,922",NA,"33,255","355,100","293,759",NA,155.317,128.590363,82.232660,82.232660,25.367794,0.417284,46.525412,9.922170,0.000000,4.211666,0.000000,9.477572,3.545156,5.932416,32.668466,7.184589,1.284873,0.672705,4.383653,1.813566,0.897722,0.881408,0.707654,14.842297,NA,NA,NA,NA
1869,Missouri,2,4,"1,721,295",NA,"429,578","505,500","278,009",NA,219.225,377.351482,114.683593,112.024555,84.498537,9.675950,0.102614,17.747453,2.659038,34.734337,3.930452,105.209855,84.809613,20.400242,118.793245,35.851372,20.327580,4.577484,12.609529,4.740592,1.374444,2.811386,5.004473,31.496385,NA,NA,NA,NA
1869,Montana,4,8,"20,595",NA,"3,106","14,100","2,397",NA,945.994,19.482745,1.248897,0.569458,0.295703,0.089218,0.000000,0.184536,0.679439,2.788413,4.462510,2.925864,1.101906,1.823958,8.057061,2.064537,1.898827,0.000000,0.000000,0.137276,1.592020,0.000000,0.836635,1.527766,NA,NA,NA,NA
1869,Nebraska,2,4,"122,993",NA,"22,133","43,800","25,180",NA,244.101,30.022708,8.853793,6.211080,4.412330,0.889125,0.000000,0.909625,2.642713,3.959547,0.036545,3.086631,2.652810,0.433821,14.086192,4.250882,3.235602,0.329393,1.365941,0.292397,1.224529,0.000000,0.148503,3.238946,NA,NA,NA,NA
1869,Nevada,4,8,"42,491",NA,"7,048","26,800","3,897",NA,"1,030.742",43.797273,2.237412,1.339382,0.544475,0.356726,0.000000,0.438182,0.898029,3.485517,12.908011,5.222303,5.194960,0.027343,19.944030,7.019426,8.164958,0.463934,1.099349,0.594862,0.398005,0.000000,0.627476,1.576021,NA,NA,NA,NA
1869,New Hampshire,1,1,"318,300",NA,"83,456","120,200","46,102",NA,237.777,75.684558,15.785334,15.785334,11.141452,0.394536,0.000000,4.249346,0.000000,9.515461,0.420379,27.495258,24.747269,2.747989,22.468127,6.083502,4.360974,1.206229,2.143730,0.882378,0.402427,1.185341,1.087626,5.115919,NA,NA,NA,NA
1869,New Jersey,1,2,"906,096",NA,"396,012","296,000","70,549",NA,276.585,250.612557,39.781769,39.030615,19.627945,3.271040,0.000000,16.131629,0.751154,46.301605,3.144728,63.252011,61.561201,1.690810,98.132444,40.517226,17.335028,6.594052,3.756108,4.365066,1.160406,1.744579,4.287756,18.372225,NA,NA,NA,NA
1869,New Mexico,4,8,"91,874",NA,"4,765","29,400","20,326",NA,82.133,7.545919,1.816701,1.614951,0.794746,0.493656,0.000000,0.326549,0.201750,0.522828,0.420053,0.799509,0.569491,0.230019,3.986828,0.309681,0.189883,0.000000,0.137419,0.228793,1.260349,0.000000,0.156869,1.703835,NA,NA,NA,NA
1869,New York,1,2,"4,382,759",NA,"2,189,455","1,491,000","384,406",NA,275.081,"1,205.612608",210.034391,210.034391,140.018878,17.742725,0.000000,52.272788,0.000000,170.790322,5.284923,330.601274,311.562746,19.038529,488.901698,195.924555,81.269812,33.171298,28.308229,23.062337,11.210473,12.138349,22.536862,81.279783,NA,NA,NA,NA
1869,North Carolina,3,5,"1,071,361",NA,"36,218","375,300","292,963",NA,101.849,109.116677,57.069900,57.069900,29.996243,3.919555,11.936107,11.217995,0.000000,3.334478,0.813381,24.621403,5.795470,18.825933,23.277515,4.288731,2.283656,0.000000,2.178543,1.863595,0.471415,0.529604,0.800381,10.861589,NA,NA,NA,NA
1869,North Dakota,2,4,NA,NA,NA,NA,NA,NA,NA,NA,NA,NA,NA,NA,NA,NA,NA,NA,NA,NA,NA,NA,NA,NA,NA,NA,NA,NA,NA,NA,NA,NA,NA,NA,NA,NA
1869,Ohio,2,3,"2,665,260",NA,"682,922","840,900","394,581",NA,230.772,615.067632,199.911499,198.781487,138.108281,24.346942,0.000000,36.326264,1.130012,80.492201,9.906725,121.394400,105.293468,16.100932,203.362807,68.047137,29.874884,5.196063,16.270361,8.944282,3.042527,9.057222,10.206950,52.723381,NA,NA,NA,NA
1869,Oklahoma,3,7,NA,NA,NA,NA,NA,NA,NA,NA,NA,NA,NA,NA,NA,NA,NA,NA,NA,NA,NA,NA,NA,NA,NA,NA,NA,NA,NA,NA,NA,NA,NA,NA,NA,NA
1869,Oregon,4,9,"90,923",NA,"8,293","30,600","15,324",NA,304.117,27.651208,9.434366,8.539583,4.798597,2.066761,0.000000,1.674226,0.894783,4.679887,0.525373,4.259619,3.233788,1.025832,8.751962,2.917879,1.744389,0.000000,0.582655,0.145512,0.750018,0.080542,0.147806,2.383161,NA,NA,NA,NA
1869,Pennsylvania,1,2,"3,521,951",NA,"1,312,833","1,020,500","300,265",NA,283.122,997.140353,161.468714,161.468714,106.115195,24.781988,0.000000,30.571531,0.000000,137.451354,95.003927,289.531990,271.877270,17.654719,313.684368,113.095333,55.664124,8.930734,17.685772,15.263927,4.888828,9.340260,16.968009,71.847381,NA,NA,NA,NA
1869,Rhode Island,1,1,"217,353",NA,"162,107","88,500","11,013",NA,317.628,69.037379,3.978733,3.978733,2.483825,0.024764,0.000000,1.470143,0.000000,9.410895,0.074363,36.231393,35.787053,0.444340,19.341994,7.638787,3.797655,1.391803,0.549674,0.869414,0.265337,0.170963,0.627476,4.030887,NA,NA,NA,NA
1869,South Carolina,3,5,"705,606",NA,"61,011","305,100","235,784",NA,101.290,71.471130,39.710642,39.710642,11.670504,1.397012,18.488675,8.154450,0.000000,4.224446,0.019936,7.409337,3.744080,3.665257,20.106769,4.517895,2.109597,0.000000,1.572985,1.756215,0.535980,0.345345,0.457709,8.811043,NA,NA,NA,NA
1869,South Dakota,2,4,NA,NA,"94,237",NA,NA,NA,NA,NA,NA,NA,NA,NA,NA,NA,NA,NA,NA,NA,NA,NA,NA,NA,NA,NA,NA,NA,NA,NA,NA,NA,NA,NA,NA,NA
1869,Tennessee,3,6,"1,258,520",NA,"54,521","368,000","268,230",NA,147.324,185.410266,86.709101,86.709101,51.087433,6.063889,14.975579,14.582199,0.000000,10.154472,1.022482,46.319423,13.753582,32.565841,41.204788,8.784605,4.512880,0.711366,4.003461,2.499564,0.864555,0.611666,1.322929,17.893762,NA,NA,NA,NA
1869,Texas,3,7,"818,579",NA,"15,981","282,100","205,024",NA,164.563,134.708024,79.307738,76.882781,37.738624,0.605974,28.875933,9.662250,2.424956,6.344802,0.001219,8.348173,4.904611,3.443562,40.706092,11.886227,5.305324,0.392798,4.770257,1.617490,1.853376,0.964989,1.062527,12.853104,NA,NA,NA,NA
1869,Utah,4,8,"86,786",NA,"22,960","21,400","12,373",NA,139.092,12.071266,2.346925,1.280946,0.447199,0.452715,0.000000,0.381032,1.065979,2.508174,0.012143,1.701170,1.033246,0.667925,5.502853,1.337075,0.956476,0.000000,0.197773,0.148175,0.095468,0.000000,0.451531,2.316355,NA,NA,NA,NA
1869,Vermont,1,1,"330,551",NA,"145,618","109,100","61,485",NA,229.215,75.767288,25.713011,25.713011,19.942760,0.796947,0.000000,4.973303,0.000000,9.703679,1.147481,16.322470,14.194305,2.128164,22.880648,5.450378,4.648329,0.890754,2.638437,1.197045,0.191042,0.875329,1.104359,5.884975,NA,NA,NA,NA
1869,Virginia,3,5,"1,225,163",NA,0,"456,100","266,131",NA,99.127,121.447168,47.793490,47.793490,27.176949,7.809053,0.015071,12.792418,0.000000,11.382536,0.513156,20.122437,13.591154,6.531284,41.635549,9.383320,6.009156,0.468574,3.238498,4.398241,0.803970,0.767432,1.267502,15.298855,NA,NA,NA,NA
1869,Washington,4,9,"23,955",NA,NA,"9,700","4,779",NA,402.224,9.635280,1.660163,1.156546,0.431144,0.195882,0.000000,0.529520,0.503616,2.614138,0.129445,1.663440,1.324259,0.339181,3.568095,0.688179,1.740592,0.000000,0.000000,0.019066,0.110557,0.094979,0.174299,0.740423,NA,NA,NA,NA
1869,West Virginia,3,5,"442,014",NA,"36,009","125,100","79,433",NA,165.527,73.165055,29.277648,20.711673,14.042658,2.818428,0.000000,3.850587,8.565975,7.230124,3.207218,16.202303,8.977101,7.225202,17.247763,3.758145,2.974197,0.000000,1.628868,0.900758,0.224652,0.289497,0.531263,6.940383,NA,NA,NA,NA
1869,Wisconsin,2,3,"1,054,670",NA,"207,099","292,900","167,803",NA,180.005,189.845548,70.967674,68.487848,41.491106,15.154954,0.000000,11.841789,2.479826,20.397244,0.639875,33.305883,29.332652,3.973232,64.534871,18.970342,9.942260,2.143376,2.680579,2.959667,1.021546,3.568941,3.167362,20.080800,NA,NA,NA,NA
1869,Wyoming,4,8,"9,118",NA,0,"6,600",966,NA,550.484,5.019312,0.156477,0.027053,0.024329,0.000000,0.000000,0.002724,0.129425,1.269801,1.084626,0.455907,0.453852,0.002055,2.052502,0.188032,1.556454,0.000000,0.000000,0.000000,0.000000,0.000000,0.000000,0.308016,NA,NA,NA,NA
1879,Alabama,3,6,"1,262,505",NA,"68,518","492,800","401,970",NA,96.551,121.895874,64.071616,61.623668,17.597985,1.738727,35.080517,7.206439,2.447948,5.471909,0.688398,9.828832,4.992615,4.836217,41.835120,8.100705,4.909710,0.440458,7.572495,3.077729,0.862713,1.018566,0.953900,14.898842,105,71,104,NA
1879,Arizona,4,8,"40,440",NA,"7,007","22,300","6,510",NA,398.610,16.119771,1.167087,0.836480,0.592023,0.138537,0.000000,0.105921,0.330606,2.682425,2.623262,0.237043,0.237043,0.000000,9.409955,2.647404,1.604550,0.000000,1.484867,0.214685,1.353334,0.000000,0.701428,1.403688,16,10,20,NA
1879,Arkansas,3,7,"802,525",NA,"32,020","260,700","217,904",NA,120.299,96.542938,57.177526,53.824784,19.550900,1.174860,27.725308,5.373717,3.352742,3.161834,0.034664,6.918972,2.351190,4.567782,29.249942,6.587838,2.972073,0.000000,4.861796,1.096566,0.797603,0.749074,1.240183,10.944809,64,50,64,NA
1879,California,4,9,"864,694",NA,"370,611","376,500","102,598",NA,365.677,316.198936,68.789797,66.066037,25.282097,30.625750,0.000000,10.158190,2.723760,34.817818,19.802448,44.935201,43.373491,1.561710,147.853673,52.133077,30.235375,17.452110,10.001409,7.852697,4.462778,2.242127,6.627431,16.846668,339,168,344,NA
1879,Colorado,4,8,"194,327",NA,"60,961","101,300","20,646",NA,442.380,85.966370,8.485262,7.752787,5.839884,1.089764,0.000000,0.823139,0.732476,11.480470,21.025997,5.934655,5.423666,0.510989,39.039986,11.516333,13.638084,1.454343,5.278521,1.345603,1.044480,0.254787,0.721799,3.786036,72,43,75,NA
1879,Connecticut,1,1,"622,700",NA,"260,718","241,400","45,337",NA,291.423,181.469133,14.074818,14.019323,7.590132,0.353822,0.000000,6.075369,0.055495,18.325733,1.276826,83.242692,83.058546,0.184146,64.549064,22.005218,13.571915,4.425357,5.410286,3.731882,1.001615,1.736629,2.821955,9.844207,167,91,168,NA
1879,Dakota Territory,2,4,"135,177",NA,"9,901","57,900","33,898",NA,209.338,28.297645,7.465696,5.688593,2.880761,2.280119,0.000000,0.527712,1.777103,2.160302,3.502785,0.914994,0.845574,0.069421,14.253869,3.280150,3.294479,0.963095,1.717109,0.514258,1.592950,0.044993,0.521444,2.325389,26,NA,26,NA
1879,Delaware,3,5,"146,608",NA,"48,989","54,500","21,324",NA,183.072,26.839787,5.895574,5.763743,2.373196,1.389261,0.000000,2.001286,0.131830,3.271531,0.188608,7.778191,7.644071,0.134120,9.705883,3.642770,1.720384,0.000000,0.557221,1.208460,0.000000,0.272549,0.394834,1.909664,29,16,30,NA
1879,District of Columbia,3,5,"177,624",NA,"159,871","66,600","1,626",NA,214.362,38.075799,0.561879,0.547770,0.076779,0.009983,0.000000,0.461007,0.014109,7.181409,0.488343,6.484940,6.481385,0.003555,23.359228,6.978610,2.567987,0.426877,3.587962,2.405131,4.069084,0.329054,0.963009,2.031513,NA,NA,NA,NA
1879,Florida,3,5,"269,493",NA,"26,947","91,500","60,259",NA,101.774,27.427346,9.377038,8.910250,3.915371,0.002079,2.506854,2.485946,0.466789,2.839198,0.000000,3.110024,2.492664,0.617360,12.101085,2.023761,2.992291,0.457079,1.746278,0.669072,0.477476,0.352334,0.082491,3.300302,22,13,21,NA
1879,Georgia,3,5,"1,542,180",NA,"145,090","597,800","444,808",NA,94.914,146.373739,74.739096,72.308358,21.433348,3.453299,37.123559,10.298152,2.430738,8.805816,0.155404,17.008460,12.229964,4.778497,45.664963,10.139326,5.823572,0.739637,5.792880,4.269434,1.303836,1.114366,1.201374,15.280537,133,87,133,NA
1879,Idaho,4,8,"32,610",NA,0,"15,600","6,000",NA,362.136,11.809258,2.417103,1.990523,1.230508,0.503220,0.000000,0.256795,0.426580,0.798981,2.009683,0.806518,0.424118,0.382400,5.776974,1.752333,1.092406,0.514508,0.000000,0.341043,0.806202,0.000000,0.371423,0.899058,9,8,10,NA
1879,Illinois,2,3,"3,077,871",NA,"940,504","999,800","463,415",NA,228.784,704.167150,219.770810,216.482524,144.333988,48.174580,0.000000,23.973956,3.288286,66.699647,10.599197,129.875677,124.339143,5.536534,277.221819,101.343731,45.185803,17.452110,28.448453,13.946069,5.241390,7.867827,9.763978,47.972459,640,349,640,NA
1879,Indiana,2,3,"1,978,301",NA,"386,211","635,100","357,388",NA,180.297,356.682580,139.522708,136.279998,70.120270,47.406394,0.000000,18.753334,3.242710,34.405919,2.893434,50.060207,47.483194,2.577013,129.800312,39.835544,20.056438,3.864396,21.653844,5.606889,3.094916,4.332838,4.045077,27.310370,297,184,296,NA
1879,Iowa,2,4,"1,624,615",NA,"247,427","528,300","323,991",NA,224.257,364.331270,182.729294,177.783237,135.905491,25.139267,0.000000,16.738480,4.946057,24.359029,3.269612,24.781611,22.219807,2.561803,129.191723,36.542333,24.645598,7.215617,15.581560,5.874632,1.392821,6.551379,4.076573,27.311210,274,171,273,NA
1879,Kansas,2,4,"996,096",NA,"104,956","322,200","217,204",NA,172.258,171.585940,76.694633,70.866825,50.150361,13.327965,0.000000,7.388499,5.827808,21.105782,2.308090,10.856467,9.339437,1.517030,60.620968,17.601769,9.373885,5.194080,6.548542,2.209199,1.559937,2.584270,1.687323,13.861963,120,73,118,NA
1879,Kentucky,3,6,"1,648,690",NA,"249,923","519,800","329,230",NA,126.651,208.808593,68.658943,66.506289,36.356608,10.836144,0.062310,19.251226,2.152653,18.417147,1.348117,34.909439,27.868712,7.040727,85.474948,25.031661,9.098183,2.077632,12.700202,6.541523,1.695584,2.293084,3.093426,22.943652,176,95,175,NA
1879,Louisiana,3,7,"939,946",NA,"239,390","363,200","214,588",NA,145.347,136.617884,47.970056,45.672958,10.740369,0.006398,23.181411,11.744781,2.297098,12.255872,0.000000,10.016832,9.709451,0.307381,66.375124,23.249194,9.575332,2.767406,4.934028,5.180428,2.087875,1.206672,1.886802,15.487387,130,65,132,NA
1879,Maine,1,1,"648,936",NA,"146,608","232,000","87,074",NA,188.343,122.222733,19.337199,19.139542,10.899436,0.964893,0.000000,7.275213,0.197656,13.174310,1.342052,30.158069,28.552559,1.605510,58.211104,14.505980,17.828762,1.817928,6.548542,2.309617,0.881704,2.147492,3.140296,9.030783,97,57,97,NA
1879,Maryland,3,5,"934,943",NA,"375,843","324,400","94,217",NA,183.286,171.362035,29.021037,28.630392,10.889421,9.927791,0.000000,7.813181,0.390645,21.719866,3.323938,39.872993,39.625486,0.247508,77.424200,29.804482,14.927636,2.916996,5.486487,6.593856,1.699382,1.352265,3.401644,11.241452,160,80,157,NA
1879,Massachusetts,1,1,"1,783,085",NA,"1,331,580","720,800","61,679",NA,289.119,515.523388,20.992922,20.992922,11.743248,0.183311,0.000000,9.066363,0.000000,52.998365,2.107884,243.070165,242.831458,0.238708,196.354052,73.908323,39.336498,12.233098,19.710714,11.399236,4.305970,4.435335,5.615412,25.409466,522,254,525,NA
1879,Michigan,2,3,"1,636,937",NA,"405,412","569,200","278,267",NA,214.758,351.544599,99.878798,96.133876,42.422929,35.764789,0.000000,17.946158,3.744922,39.344403,14.868923,59.065386,57.499540,1.565845,138.387089,42.824484,25.097015,8.759297,17.704082,7.366903,2.361338,4.593740,4.895487,24.784742,287,173,284,NA
1879,Minnesota,2,4,"780,773",NA,"148,758","255,200","146,556",NA,195.204,152.409672,54.777853,51.706277,18.548889,27.848518,0.000000,5.308869,3.071576,17.744988,0.264434,21.326924,20.293273,1.033652,58.295473,17.831741,11.689786,4.363028,1.428773,3.287976,1.871925,2.140212,2.643473,13.038558,137,76,137,NA
1879,Mississippi,3,6,"1,131,597",NA,"34,581","415,600","350,423",NA,104.255,117.975036,68.090887,66.398196,15.449379,0.256844,43.900182,6.791791,1.692690,3.900671,0.000000,4.850969,2.835574,2.015394,41.132509,9.272506,3.526786,0.486166,7.615359,2.913732,0.698309,1.090198,0.789667,14.739786,93,72,94,NA
1879,Missouri,2,4,"2,168,380",NA,"545,993","693,100","375,808",NA,191.810,415.916812,120.247352,116.441486,78.561958,21.783783,0.926128,15.169618,3.805866,35.154435,5.625301,62.143788,54.290198,7.853590,192.745935,63.379104,34.195933,8.975371,26.746626,9.783365,4.062891,4.360791,6.479322,34.762533,341,177,340,NA
1879,Montana,4,8,"39,159",NA,"6,987","22,200","6,249",NA,743.017,29.095795,3.471990,3.078675,2.388419,0.377064,0.000000,0.313192,0.393316,3.778622,4.870321,2.179236,0.824903,1.354333,14.795626,4.972386,1.937369,0.000000,0.697224,0.655238,4.289370,0.000000,0.329357,1.914682,18,9,18,NA
1879,Nebraska,2,4,"452,402",NA,"61,307","152,500","96,131",NA,213.412,96.548206,46.257778,43.250411,30.188816,10.062976,0.000000,2.998619,3.007368,10.163039,0.016280,4.866438,4.394766,0.471672,35.244671,8.279023,7.499108,1.869869,5.000705,1.222232,1.464985,1.397690,0.956150,7.554910,70,42,71,NA
1879,Nevada,4,8,"62,266",NA,"19,353","32,200","4,008",NA,690.804,43.013575,2.893253,2.881919,2.364797,0.072735,0.000000,0.444386,0.011335,3.666320,17.902203,1.131681,1.123672,0.008009,17.420117,4.020504,9.190084,0.472189,0.360801,0.730314,0.493261,0.066178,0.511310,1.575476,37,20,37,NA
1879,New Hampshire,1,1,"346,991",NA,"104,105","142,400","46,422",NA,227.580,78.968155,13.017294,13.005139,7.606454,0.276857,0.000000,5.121827,0.012155,8.388540,0.463717,31.047727,30.259685,0.788043,26.050876,7.727088,4.411240,0.498632,4.572073,1.253218,0.325552,1.502516,1.124882,4.635675,69,41,68,NA
1879,New Jersey,1,2,"1,131,116",NA,"615,311","396,800","67,596",NA,243.164,275.046629,24.725142,24.725142,12.423391,2.984834,0.000000,9.316918,0.000000,32.650779,4.037761,89.070080,88.608712,0.461367,124.562867,50.811972,22.903159,7.678929,9.220347,7.074486,2.291887,2.267751,5.691904,16.622434,287,141,289,NA
1879,New Mexico,4,8,"119,565",NA,"6,635","40,800","26,596",NA,147.074,17.584866,3.909894,3.525777,2.481165,0.693631,0.000000,0.350981,0.384117,3.277983,0.456567,0.496955,0.411240,0.085715,9.443467,2.561190,2.941194,0.000000,0.302424,0.546562,0.413451,0.000000,0.142860,2.535786,13,7,13,NA
1879,New York,1,2,"5,082,871",NA,"2,868,529","1,884,600","403,570",NA,265.582,"1,349.918533",161.834201,161.062149,98.351226,16.691559,0.000000,46.019364,0.772052,138.039877,6.598637,404.589587,398.897283,5.692303,638.856232,263.529787,116.939769,42.346299,52.631225,37.958739,11.898931,11.869878,28.683372,72.998230,1424,622,1413,NA
1879,North Carolina,3,5,"1,399,750",NA,"55,116","480,200","370,842",NA,68.022,95.213672,57.284862,55.290154,19.618467,3.897886,19.534369,12.239431,1.994708,3.455433,0.573124,13.752609,6.965911,6.786698,20.147644,3.753157,1.949768,0.105959,3.157588,1.796853,0.581111,0.415813,0.439829,7.947567,90,65,91,NA
1879,North Dakota,2,4,NA,NA,NA,"20,682",NA,NA,NA,NA,NA,NA,NA,NA,NA,NA,NA,NA,NA,NA,NA,NA,NA,NA,NA,NA,NA,NA,NA,NA,NA,NA,NA,14,NA,NA
1879,Ohio,2,3,"3,198,062",NA,"1,030,769","994,600","425,613",NA,208.215,665.882938,180.976681,179.649570,105.221556,47.439935,0.000000,26.988079,1.327111,79.494321,10.976783,137.185227,132.239211,4.946016,257.249925,88.177961,43.816848,11.524626,31.128195,12.420976,5.039547,7.700396,11.512045,45.929331,567,312,569,NA
1879,Oklahoma,3,7,NA,NA,NA,0,NA,NA,NA,NA,NA,NA,NA,NA,NA,NA,NA,NA,NA,NA,NA,NA,NA,NA,NA,NA,NA,NA,NA,NA,NA,NA,NA,NA,NA,NA
1879,Oregon,4,9,"174,768",NA,"25,852","67,400","33,044",NA,268.277,46.886170,16.912326,15.585343,6.436087,6.267813,0.000000,2.881442,1.326984,5.807451,1.269331,4.585108,3.955114,0.629993,18.311954,5.094783,4.742083,1.246579,1.905030,0.430363,0.325552,0.524134,1.124882,2.918547,40,25,39,NA
1879,Pennsylvania,1,2,"4,282,891",NA,"1,783,378","1,456,000","358,978",NA,220.539,944.543478,126.442401,124.078753,71.437227,25.024453,0.000000,27.617073,2.363649,105.260044,69.777286,284.283427,278.272371,6.011056,358.780319,127.281131,67.271411,15.582241,34.330234,22.852296,6.239750,7.388828,18.232466,59.601963,950,490,965,NA
1879,Rhode Island,1,1,"276,531",NA,"226,618","117,000","9,880",NA,299.434,82.802792,2.692933,2.692933,1.438170,0.009145,0.000000,1.245618,0.000000,7.675514,0.659942,45.922575,45.809055,0.113519,25.851828,10.597149,6.193381,0.486166,1.857405,1.409870,0.380896,0.579168,0.745797,3.601996,77,42,77,NA
1879,South Carolina,3,5,"995,577",NA,"74,539","392,200","310,218",NA,90.032,89.633523,46.191596,44.465330,9.465076,1.314090,26.200456,7.485708,1.726265,6.484987,0.042179,8.188470,6.815110,1.373360,28.726292,4.764684,3.916078,1.044010,3.350472,2.791165,0.436240,0.643811,0.640620,11.139211,73,50,74,NA
1879,South Dakota,2,4,NA,NA,"115,984","37,218",NA,NA,NA,NA,NA,NA,NA,NA,NA,NA,NA,NA,NA,NA,NA,NA,NA,NA,NA,NA,NA,NA,NA,NA,NA,NA,NA,NA,NA,NA
1879,Tennessee,3,6,"1,542,359",NA,"146,795","448,100","321,273",NA,98.852,152.465454,66.420057,64.937702,31.709253,6.916181,15.070249,11.242020,1.482355,9.297298,1.011190,24.276902,13.168437,11.108465,51.460007,13.108453,5.098658,1.381625,8.445634,3.467007,1.185552,0.857541,1.602957,16.312578,126,79,125,NA
1879,Texas,3,7,"1,591,749",NA,"33,665","522,200","388,037",NA,115.874,184.442689,97.649559,90.543573,42.683033,2.539102,36.706168,8.615270,7.105986,10.646993,0.000000,9.577434,7.721330,1.856104,66.568703,16.275002,9.851770,2.700922,10.636419,3.224856,3.798109,1.048267,1.312363,17.720996,157,96,155,NA
1879,Utah,4,8,"143,963",NA,"33,367","40,100","18,099",NA,168.306,24.229810,3.990614,3.573028,1.751455,1.063640,0.000000,0.757933,0.417587,2.719092,5.204240,2.031886,1.753642,0.278244,10.283977,2.012695,2.672080,0.000000,1.003443,0.634723,0.342958,0.552157,0.533262,2.532658,20,12,19,NA
1879,Vermont,1,1,"332,286",NA,"189,079","118,600","62,121",NA,201.033,66.800387,20.148508,20.148508,14.633863,0.559694,0.000000,4.954951,0.000000,8.178826,2.349932,13.565036,12.952684,0.612352,22.558085,4.884623,3.698825,1.215415,4.457771,1.624708,0.380896,1.090198,0.877408,4.328241,56,35,55,NA
1879,Virginia,3,5,"1,512,565",NA,"7,121","494,200","286,084",NA,96.892,146.555803,43.774518,43.283818,19.482131,8.682744,0.982490,14.136454,0.490700,14.841263,1.179654,20.793542,18.794031,1.999510,65.966827,16.416524,11.248662,0.831053,8.255131,7.080912,1.356467,1.688875,2.249764,16.839437,130,77,128,NA
1879,Washington,4,9,"75,116",NA,NA,"30,100","14,827",NA,215.669,16.200208,5.556438,4.847943,2.160703,1.613108,0.000000,1.074133,0.708495,1.629476,0.546722,1.575371,1.275672,0.299699,6.892202,1.474185,0.696218,0.786982,0.601335,0.217355,1.027627,0.220595,0.284061,1.583843,17,10,17,NA
1879,West Virginia,3,5,"618,457",NA,"54,050","176,100","112,863",NA,120.034,74.235990,22.161932,21.019938,12.750546,3.838359,0.000000,4.431033,1.141994,8.725157,2.151740,11.715217,8.791543,2.923674,29.481944,5.270270,4.302429,0.552650,5.067381,1.495828,1.443281,1.045646,1.147005,9.157453,48,33,55,NA
1879,Wisconsin,2,3,"1,315,497",NA,"317,204","417,300","215,296",NA,177.822,233.924364,81.552417,79.353709,43.453084,23.290517,0.000000,12.610108,2.198709,25.895853,0.563046,43.679606,42.227812,1.451794,82.233441,26.199923,11.653761,5.279263,7.683622,5.165738,0.722183,3.769976,4.037952,17.721022,205,124,204,NA
1879,Wyoming,4,8,"20,789",NA,"6,152","8,900","1,951",NA,554.633,11.530263,3.675407,3.633650,3.469749,0.003580,0.000000,0.160322,0.041757,0.645272,1.134745,0.296841,0.295659,0.001182,5.777998,0.849131,2.205620,0.000000,0.317505,0.206574,1.736278,0.000000,0.000000,0.462889,6,3,7,NA
1889,Alabama,3,6,"1,513,017",NA,"152,235","616,200","444,683",NA,134.184,203.022421,73.097140,71.390903,22.951527,0.198876,39.499035,8.741464,1.706237,15.346187,6.460607,24.911573,20.823119,4.088454,83.206914,14.789240,14.840724,1.802844,13.583554,6.614001,2.013918,2.177598,2.258499,25.126535,NA,NA,138,NA
1889,Arizona,4,8,"59,620",NA,"8,302","26,800","9,304",NA,408.078,24.329633,3.291992,3.064057,2.717511,0.069237,0.000000,0.277309,0.227935,3.180973,4.764892,0.567013,0.567013,0.000000,12.524763,3.126318,2.307150,0.672652,1.593743,0.420908,1.321916,0.030776,0.918282,2.133019,NA,NA,19,NA
1889,Arkansas,3,7,"1,128,179",NA,"73,159","401,000","309,025",NA,116.455,131.381613,65.090029,60.345097,23.709282,0.756497,29.496781,6.382537,4.744933,5.200995,0.373162,14.558544,9.608265,4.950279,46.158881,9.406824,7.747342,1.344209,6.948859,2.326765,1.137566,1.190884,1.560301,14.496131,NA,NA,92,NA
1889,California,4,9,"1,208,130",NA,"589,464","544,500","134,574",NA,408.020,492.941080,72.648337,69.743519,35.995937,26.400208,0.000000,7.347374,2.904819,67.102573,12.949228,85.056140,83.490764,1.565376,255.184801,78.070804,52.349121,22.770624,30.696507,15.326501,9.606587,6.743569,10.917383,28.703706,NA,NA,443,NA
1889,Colorado,4,8,"412,198",NA,"185,905","192,500","40,883",NA,462.990,190.843726,17.559930,16.080572,12.092385,1.906805,0.000000,2.081381,1.479358,26.886905,27.034281,21.270673,20.497424,0.773249,98.091938,24.647823,25.692307,7.580708,15.834308,5.706566,2.971314,2.300077,3.075845,10.282992,NA,NA,159,NA
1889,Connecticut,1,1,"746,258",NA,"379,853","317,100","44,714",NA,342.426,255.538255,10.561016,10.561016,7.419984,0.127006,0.000000,3.014027,0.000000,33.965723,2.031295,114.430423,114.291636,0.138787,94.549798,28.944043,20.560753,6.227536,9.738415,6.479894,2.473474,2.484553,3.800729,13.840401,NA,NA,199,NA
1889,Dakota Territory,2,4,NA,NA,NA,"184,500","118,534",NA,NA,NA,NA,NA,NA,NA,NA,NA,NA,NA,NA,NA,NA,NA,NA,NA,NA,NA,NA,NA,NA,NA,NA,NA,NA,NA,NA,NA
1889,Delaware,3,5,"168,493",NA,"71,067","65,400","20,153",NA,230.441,38.827775,4.344703,4.344703,2.592094,1.107331,0.000000,0.645277,0.000000,4.176479,0.333111,15.257261,15.160398,0.096863,14.716221,4.481683,2.440899,0.504664,1.281132,1.585398,0.626388,0.356241,0.764215,2.675601,NA,NA,34,NA
1889,District of Columbia,3,5,"230,392",NA,"230,392","101,100",0,NA,314.604,72.482222,0.074156,0.074156,0.044943,0.000866,0.000000,0.028347,0.000000,9.610118,0.026294,21.396350,21.396350,0.000000,41.375305,10.168607,5.004610,1.442182,6.639899,4.280714,8.543340,0.701825,1.326584,3.267544,NA,NA,NA,NA
1889,Florida,3,5,"391,422",NA,"77,358","148,900","73,837",NA,125.743,49.218747,12.352833,11.659561,6.655659,0.004921,2.471011,2.527970,0.693273,5.670703,0.091192,10.023017,9.444939,0.578078,21.081002,3.958288,5.608560,0.545060,2.808871,1.512881,1.116271,0.523696,0.262623,4.744751,NA,NA,55,NA
1889,Georgia,3,5,"1,837,353",NA,"257,472","726,500","458,967",NA,125.003,229.673948,89.883481,89.402855,25.210097,1.044023,51.438213,11.710522,0.480626,17.204306,1.964755,34.094887,30.327006,3.767881,86.526519,17.624072,14.973877,3.861919,11.238849,8.277887,2.848256,2.212500,2.103473,23.385687,NA,NA,181,NA
1889,Idaho,4,8,"84,385",NA,0,"35,500","17,203",NA,315.609,26.632666,6.485509,5.440520,3.837065,0.836746,0.000000,0.766709,1.044989,2.481529,5.511972,1.554126,0.716274,0.837852,10.599530,3.022105,2.302186,0.547562,0.810851,0.489476,0.736268,0.200419,0.571628,1.919035,NA,NA,18,NA
1889,Illinois,2,3,"3,826,351",NA,"1,719,172","1,387,600","457,724",NA,308.870,"1,181.846632",190.944145,190.944145,145.843171,24.880336,0.000000,20.220638,0.000000,140.240000,11.247343,316.691886,312.512919,4.178967,522.723259,173.962179,100.219024,36.816428,52.888751,30.542585,16.922646,13.270919,22.961270,75.139456,NA,NA,887,NA
1889,Indiana,2,3,"2,192,404",NA,"590,039","771,000","370,944",NA,213.233,467.493344,114.114884,113.302292,76.433863,24.667125,0.000000,12.201303,0.812592,60.526226,6.379478,85.564921,83.520913,2.044009,200.907835,55.033450,37.098855,10.864213,31.074389,10.995549,5.541633,6.741028,6.883905,36.674812,NA,NA,313,NA
1889,Iowa,2,4,"1,911,896",NA,"405,764","660,800","353,992",NA,253.531,484.725077,222.209865,220.141425,190.621559,5.205038,0.000000,24.314828,2.068439,44.669842,6.748983,43.818230,41.679263,2.138967,167.278158,42.655107,30.926224,17.174416,19.964559,9.000435,3.463989,8.270269,4.999505,30.823655,NA,NA,336,NA
1889,Kansas,2,4,"1,427,096",NA,"269,539","481,100","275,670",NA,234.432,334.557215,138.218617,134.650083,103.629776,15.957786,0.008830,15.053691,3.568534,37.396078,3.901974,28.047609,26.576269,1.471340,126.992937,34.310390,23.486935,8.593460,15.108192,6.202698,4.652273,5.245094,3.964341,25.429554,NA,NA,233,NA
1889,Kentucky,3,6,"1,858,635",NA,"356,713","631,400","356,850",NA,154.386,286.948001,73.410588,72.100052,44.967178,7.264906,0.036363,19.831606,1.310536,26.769159,3.097362,54.944100,49.112335,5.831765,128.726792,32.782119,18.562617,4.816030,19.670911,10.361266,3.613355,3.413716,5.091198,30.415580,NA,NA,209,NA
1889,Louisiana,3,7,"1,118,587",NA,"283,845","437,500","247,574",NA,154.089,172.362507,58.822671,57.245489,11.455418,0.000363,28.779984,17.009724,1.577182,17.027994,0.315525,21.892629,21.621627,0.271002,74.303689,21.511512,13.709273,2.564922,6.661527,6.384665,2.612166,1.715142,2.059734,17.084747,NA,NA,137,NA
1889,Maine,1,1,"661,086",NA,"185,725","258,500","81,435",NA,225.465,149.051505,15.553381,15.553381,11.285443,0.235545,0.000000,4.032393,0.000000,19.627995,5.341892,41.524666,40.377223,1.147443,67.003572,16.468740,17.663303,1.667472,8.374008,3.907929,1.754714,2.666873,3.842480,10.658052,NA,NA,103,NA
1889,Maryland,3,5,"1,042,390",NA,"495,702","395,200","90,904",NA,230.514,240.285451,22.048804,22.048804,12.213101,6.385120,0.000000,3.450582,0.000000,29.683939,3.345511,72.208834,72.026343,0.182490,112.998363,37.879659,22.106277,4.129164,10.296248,10.305431,3.761170,2.175626,6.802907,15.541881,NA,NA,187,NA
1889,Massachusetts,1,1,"2,238,943",NA,"1,834,888","982,500","60,117",NA,371.250,831.208546,12.962430,12.962430,10.291769,0.072609,0.000000,2.598052,0.000000,109.772498,2.432585,366.602254,366.424457,0.177797,339.438780,114.062371,70.240337,20.596511,34.091279,24.410264,13.349128,8.070716,13.365239,41.252935,NA,NA,637,NA
1889,Michigan,2,3,"2,093,889",NA,"730,294","765,300","298,462",NA,237.204,496.679243,78.755074,77.383245,48.746648,17.811778,0.000000,10.824819,1.371829,62.295229,46.592801,110.651829,109.368398,1.283431,198.384309,57.193432,39.789153,11.438215,21.545344,13.292304,5.915455,5.986870,8.450513,34.773023,NA,NA,338,NA
1889,Minnesota,2,4,"1,301,826",NA,"443,049","474,300","197,935",NA,273.988,356.684500,89.490909,86.031927,40.995557,32.593626,0.000000,12.442743,3.458983,45.702677,7.587141,65.020749,63.953927,1.066822,148.883025,46.205191,32.726183,11.171614,8.980687,9.998419,4.952210,4.989604,5.083708,24.775408,NA,NA,245,NA
1889,Mississippi,3,6,"1,289,600",NA,"69,966","507,100","404,758",NA,106.801,137.731088,81.948255,79.634509,21.051072,0.017466,49.836129,8.729842,2.313746,4.479232,0.027065,9.915259,8.136326,1.778933,41.361276,7.478556,6.454617,1.460716,5.840332,2.999174,0.878190,1.303214,1.033717,13.912759,NA,NA,107,NA
1889,Missouri,2,4,"2,679,184",NA,"856,966","920,400","422,469",NA,238.952,640.196794,134.992945,132.343628,99.726239,17.801914,0.660449,14.155026,2.649317,70.168890,10.472506,135.971069,129.224323,6.746747,288.591385,87.935270,52.571133,17.225938,38.734774,17.088080,8.613120,7.126796,10.581348,48.714924,NA,NA,450,NA
1889,Montana,4,8,"132,159",NA,"38,787","72,300","16,884",NA,990.013,130.839067,14.997205,14.005169,12.279385,0.315527,0.000000,1.410257,0.992035,24.612628,22.177283,5.749419,2.953033,2.796385,63.302533,15.436872,19.457793,3.287122,5.841242,3.342458,4.079971,1.203155,2.903659,7.750260,NA,NA,64,NA
1889,Nebraska,2,4,"1,058,910",NA,"291,641","374,500","174,949",NA,254.622,269.622276,101.540509,96.234331,79.671186,5.294828,0.000000,11.268317,5.306177,29.525359,0.168950,21.803565,21.147595,0.655971,116.583893,31.244693,24.622406,9.148835,12.962101,5.520371,4.603588,4.649663,3.038033,20.794204,NA,NA,205,NA
1889,Nevada,4,8,"45,761",NA,"16,024","23,300","4,981",NA,577.964,26.448229,3.243838,3.153060,2.729350,0.056381,0.000000,0.367329,0.090777,2.893499,6.668002,0.645049,0.637443,0.007607,12.997841,2.843783,5.524177,0.367117,0.652370,0.639938,0.607554,0.302338,0.648581,1.411982,NA,NA,19,NA
1889,New Hampshire,1,1,"376,530",NA,"147,913","164,600","41,430",NA,264.173,99.468916,8.989288,8.989288,7.164464,0.064464,0.000000,1.760360,0.000000,13.388170,0.604863,35.581948,35.044497,0.537452,40.904645,10.299645,8.762042,1.874367,6.661531,2.345748,0.823955,1.586507,2.069638,6.481211,NA,NA,73,NA
1889,New Jersey,1,2,"1,444,933",NA,"904,543","570,700","65,719",NA,308.722,446.082530,19.567646,19.567646,12.214455,1.938253,0.000000,5.414938,0.000000,70.241499,5.440127,153.159473,152.816691,0.342782,197.673786,66.594451,45.728412,15.273354,16.013113,13.659984,4.360170,3.794458,7.027908,25.221937,NA,NA,368,NA
1889,New Mexico,4,8,"153,593",NA,"9,970","54,700","32,722",NA,168.906,25.942713,6.509605,6.066593,5.309792,0.231167,0.000000,0.525634,0.443012,2.923506,3.031510,0.859657,0.779066,0.080591,12.618435,2.729611,4.268180,0.247283,0.732373,0.718416,0.767318,0.203649,0.158862,2.792743,NA,NA,21,NA
1889,New York,1,2,"5,997,853",NA,"3,910,278","2,435,700","385,251",NA,346.826,"2,080.212397",112.269000,112.269000,82.447756,9.570796,0.000000,20.250449,0.000000,262.736291,15.884824,752.118682,747.966175,4.152507,937.203600,349.321777,171.402516,55.578017,89.872550,65.603700,26.050669,17.596006,55.629123,106.149243,NA,NA,1751,NA
1889,North Carolina,3,5,"1,617,947",NA,"115,759","600,100","424,978",NA,87.277,141.210308,53.823078,51.891059,21.524415,3.712199,14.343750,12.310696,1.932019,12.016141,0.296872,20.789939,14.846577,5.943361,54.284277,9.723892,7.720799,1.365284,7.458073,4.983523,1.820113,1.388117,1.388744,18.435731,NA,NA,98,NA
1889,North Dakota,2,4,"182,719",NA,"10,643","81,700","44,161",NA,278.007,50.797140,26.499680,23.437114,6.301482,14.564630,0.000000,2.571002,3.062566,4.891646,0.040381,1.843596,1.774485,0.069111,17.521836,4.695794,3.513296,1.058448,0.854941,1.393447,1.015166,0.713194,0.695435,3.582116,NA,NA,36,NA
1889,Ohio,2,3,"3,672,316",NA,"1,510,153","1,306,100","434,901",NA,267.169,981.129170,145.522941,144.954113,100.421763,25.233829,0.000000,19.298521,0.568828,136.177145,17.520446,270.038820,266.176673,3.862147,411.869818,125.964586,79.175869,18.612397,50.191814,26.117273,12.209437,12.594200,21.121755,65.882487,NA,NA,693,NA
1889,Oklahoma,3,7,"61,834",NA,"9,484","21,200","14,523",NA,104.631,6.469780,2.869728,2.869728,2.607595,0.000000,0.000000,0.262134,0.000000,0.000000,0.000000,0.338817,0.106172,0.232645,3.261234,0.851807,0.360495,0.217212,0.627230,0.114075,0.106718,0.067082,0.122101,0.794514,NA,NA,2,NA
1889,Oregon,4,9,"313,767",NA,"88,491","127,400","48,252",NA,243.729,76.474141,22.758185,21.376624,12.992448,6.010077,0.000000,2.374099,1.381560,7.206041,0.813865,18.957652,18.254651,0.703001,26.738398,6.130316,7.222495,1.900649,3.028075,1.212755,0.732129,0.863599,1.326299,4.322080,NA,NA,77,NA
1889,Pennsylvania,1,2,"5,258,014",NA,"2,557,397","1,977,200","359,171",NA,283.504,"1,490.667039",110.395969,110.384576,72.998102,19.434138,0.000000,17.952336,0.011393,190.644436,99.177677,507.792036,503.196030,4.596006,582.656920,182.975213,124.831481,27.571766,54.454713,41.501949,15.839909,13.040092,30.023498,92.418298,NA,NA,1196,NA
1889,Rhode Island,1,1,"345,506",NA,"294,843","155,900","10,114",NA,358.877,123.994054,1.978232,1.961123,1.597595,0.005096,0.000000,0.358432,0.017109,15.873317,0.648833,59.884943,59.796136,0.088807,45.608728,16.695362,9.642923,1.177750,4.325266,2.726789,2.290186,1.013040,1.664573,6.072840,NA,NA,94,NA
1889,South Carolina,3,5,"1,151,149",NA,"116,183","466,200","348,666",NA,100.033,115.152570,51.653576,50.309481,10.643533,0.585381,32.247554,6.833013,1.344095,9.516185,1.986677,12.905734,11.726164,1.179570,39.090398,6.396026,6.136441,1.090538,4.798595,3.760149,1.063522,1.140455,0.750639,13.954034,NA,NA,86,NA
1889,South Dakota,2,4,"328,808",NA,"28,555","102,800","74,373",NA,237.088,77.956475,37.994291,33.169848,18.576820,9.146850,0.000000,5.446178,4.824444,6.646657,2.422875,2.085250,1.968859,0.116391,28.807402,5.927598,4.907194,2.915129,2.960118,1.661256,2.132185,1.028890,1.053434,6.221597,NA,NA,48,NA
1889,Tennessee,3,6,"1,767,518",NA,"238,394","604,000","373,099",NA,128.159,226.522987,62.581654,60.454606,36.885218,5.875462,7.938170,9.755756,2.127048,19.635214,4.243334,38.771377,28.913101,9.858276,101.291409,23.204291,17.007053,3.429250,14.577333,7.681720,3.421794,1.845847,3.984945,26.139177,NA,NA,162,NA
1889,Texas,3,7,"2,235,523",NA,"349,511","761,300","495,263",NA,188.983,422.474935,165.976686,160.193082,78.741668,2.946469,62.019845,16.485099,5.783604,31.295038,1.305272,33.765281,31.954935,1.810346,190.132659,48.545322,33.915498,8.470630,25.087292,11.003158,8.213852,4.141974,5.229231,45.525702,NA,NA,294,NA
1889,Utah,4,8,"207,905",NA,"75,155","70,800","24,497",NA,239.873,49.870790,7.154011,6.609126,4.714045,1.058237,0.000000,0.836844,0.544885,6.523877,7.678434,4.664604,4.376812,0.287792,23.849864,6.103526,6.269860,1.167308,1.697167,1.494073,0.922002,0.786544,1.022612,4.386772,NA,NA,40,NA
1889,Vermont,1,1,"332,422",NA,"50,638","129,900","57,598",NA,232.172,77.179004,15.412072,15.412072,12.716867,0.253942,0.000000,2.441264,0.000000,10.232003,3.729777,16.801756,16.367879,0.433877,31.003395,5.463604,6.921716,1.567383,6.175992,2.138223,0.845840,1.646253,1.247726,4.996659,NA,NA,59,NA
1889,Virginia,3,5,"1,655,980",NA,"282,721","580,400","278,470",NA,120.094,198.872494,41.337011,41.337011,23.396455,6.421119,0.223884,11.295553,0.000000,23.736242,3.959226,33.554878,32.067555,1.487322,96.285138,20.571416,19.265568,2.981154,11.135631,10.474739,3.247116,2.555327,3.371121,22.683066,NA,NA,156,NA
1889,Washington,4,9,"349,390",NA,"127,178","165,400","45,559",NA,386.219,134.941221,15.848938,12.807867,6.859505,4.091331,0.000000,1.857032,3.041071,21.598607,1.970947,21.187332,20.483624,0.703709,74.335396,18.659660,21.321903,5.745911,8.901487,2.587948,3.565907,1.658231,2.910492,8.983856,NA,NA,110,NA
1889,West Virginia,3,5,"762,794",NA,"81,365","239,700","135,111",NA,145.658,111.106840,22.994086,21.825669,16.165508,2.870574,0.000000,2.789586,1.168418,16.210689,4.581550,16.224678,13.550053,2.674626,51.095837,10.854878,10.152933,0.904069,6.693907,3.071028,1.729949,1.737266,2.359511,13.592296,NA,NA,70,NA
1889,Wisconsin,2,3,"1,686,880",NA,"562,286","581,900","244,386",NA,222.197,374.819739,79.503230,77.527134,56.660552,8.923098,0.000000,11.943484,1.976096,50.833477,6.694288,89.259367,88.000028,1.259338,148.529377,43.390922,26.766198,9.819427,12.161563,11.042052,3.277794,6.208013,7.849547,28.013862,NA,NA,249,NA
1889,Wyoming,4,8,"60,705",NA,"21,484","30,800","8,320",NA,535.500,32.507542,9.175094,8.746311,7.892765,0.050022,0.000000,0.803523,0.428783,1.456085,1.190129,1.242107,1.238256,0.003851,19.444128,3.657170,8.721290,0.410540,0.729533,0.495437,2.547808,0.338099,0.923104,1.621147,NA,NA,23,NA
1899,Alabama,3,6,"1,828,697",NA,"216,714","763,200","517,513",NA,144.505,264.255655,73.174731,70.588615,23.554540,0.485189,38.847823,7.701063,2.586116,20.621829,14.668289,35.934290,35.934290,0.000000,119.856517,21.851408,24.163674,3.096366,20.816430,7.970284,2.197416,3.660020,3.744631,32.356288,161,114,160,NA
1899,Arizona,4,8,"122,931",NA,"19,495","53,400","18,826",NA,500.465,61.522648,7.730135,6.866381,6.041641,0.296536,0.000000,0.528203,0.863754,5.385018,7.853074,13.598134,13.598134,0.000000,26.956287,6.917191,5.058144,1.740162,3.675872,0.876462,1.735792,0.102402,2.164372,4.685892,40,25,40,NA
1899,Arkansas,3,7,"1,311,564",NA,"111,733","485,700","347,316",NA,118.082,154.871502,61.714996,59.846438,27.262294,1.346580,24.716167,6.521397,1.868558,5.802028,2.535583,21.629083,21.629083,0.000000,63.189813,13.042488,11.959373,2.291567,10.297370,2.947468,1.020114,1.838857,1.837316,17.955261,118,83,114,NA
1899,California,4,9,"1,485,053",NA,"776,820","644,300","138,783",NA,446.165,662.578803,120.241592,119.797542,73.324715,19.599571,0.000000,26.873256,0.444050,71.745356,21.713452,107.929622,107.929622,0.000000,340.948781,99.144781,65.500916,29.853255,57.609476,16.614668,9.536036,11.900531,13.197209,37.591910,543,269,534,NA
1899,Colorado,4,8,"539,700",NA,"260,651","218,300","42,693",NA,457.121,246.708114,28.972454,28.811651,21.951853,2.723597,0.000000,4.136201,0.160803,25.814918,30.992949,34.795530,34.795530,0.000000,126.132262,30.279352,27.187079,10.718282,24.606081,7.028163,2.750779,4.141385,5.076352,14.344789,172,94,172,NA
1899,Connecticut,1,1,"908,420",NA,"543,755","385,500","41,787",NA,376.331,341.866617,18.027042,18.027042,11.460867,0.124454,0.000000,6.441721,0.000000,39.430525,1.145828,157.793114,157.793114,0.000000,125.470108,37.949772,26.548694,9.020832,16.006507,7.290244,2.863056,3.556628,4.283960,17.950415,253,142,263,NA
1899,Dakota Territory,2,4,NA,NA,NA,"254,800","160,817",NA,NA,NA,NA,NA,NA,NA,NA,NA,NA,NA,NA,NA,NA,NA,NA,NA,NA,NA,NA,NA,NA,NA,NA,NA,NA,NA,NA,NA
1899,Delaware,3,5,"184,735",NA,"85,717","73,000","19,277",NA,244.437,45.156021,5.223793,5.223793,3.300911,1.096552,0.000000,0.826330,0.000000,3.435831,0.368935,18.155385,18.155385,0.000000,17.972076,5.372849,2.899869,0.901101,2.284153,1.308516,0.490275,0.454510,1.135323,3.125481,40,23,41,NA
1899,District of Columbia,3,5,"278,718",NA,"278,718","127,000",0,NA,309.453,86.250110,0.239602,0.239602,0.209240,0.000355,0.000000,0.030006,0.000000,7.871737,0.000000,26.133373,26.133373,0.000000,52.005399,13.024910,6.767314,2.299428,10.200225,4.469390,8.569921,1.136622,1.325987,4.211601,NA,NA,NA,NA
1899,Florida,3,5,"528,542",NA,"107,031","201,600","84,238",NA,138.670,73.293138,11.350034,10.865566,6.351418,0.004538,1.273638,3.235973,0.484468,7.298148,2.049986,20.597424,20.597424,0.000000,31.997546,6.445075,8.426116,0.786129,4.732705,2.078723,1.336628,0.832690,0.533328,6.826151,59,35,65,NA
1899,Georgia,3,5,"2,216,331",NA,"346,382","864,500","526,622",NA,125.395,277.917475,83.705187,81.464290,26.835343,1.518318,43.415394,9.695235,2.240897,20.115520,2.302014,47.198942,47.198942,0.000000,124.595811,26.043961,23.543141,6.706664,18.831185,9.708582,3.087610,3.679450,2.939972,30.055246,190,125,193,NA
1899,Idaho,4,8,"161,772",NA,"10,003","62,700","31,069",NA,305.251,49.381014,16.807960,14.995939,10.771956,2.283090,0.000000,1.940893,1.812021,4.278704,6.035664,1.995854,1.995854,0.000000,20.262833,5.740373,4.286916,0.921772,2.336552,0.709061,0.702131,0.520729,1.125633,3.919668,36,28,36,NA
1899,Illinois,2,3,"4,821,550",NA,"2,616,368","1,804,000","449,869",NA,335.198,"1,616.171511",203.740720,203.740720,172.012470,11.021354,0.000000,20.706897,0.000000,172.911372,33.640377,426.094108,426.094108,0.000000,779.784934,259.232626,152.235646,58.582346,87.968534,38.923417,21.480139,20.740231,39.743625,100.878370,1253,646,1238,NA
1899,Indiana,2,3,"2,516,462",NA,"862,689","899,000","347,142",NA,249.740,628.461613,127.144769,127.144769,94.301832,19.314355,0.000000,13.528582,0.000000,67.667516,21.321593,142.476566,142.476566,0.000000,269.851168,73.579317,52.326183,17.764554,42.967981,13.188284,5.459856,10.054734,9.659909,44.850349,458,278,457,NA
1899,Iowa,2,4,"2,231,853",NA,"572,386","789,400","370,057",NA,276.452,617.001109,259.223391,257.946345,224.746072,11.063784,0.000000,22.136489,1.277046,57.329233,8.458269,60.731636,60.731636,0.000000,231.258580,59.224378,40.743130,28.360592,30.478621,10.753613,4.337624,12.551417,6.472606,38.336600,452,307,437,NA
1899,Kansas,2,4,"1,470,495",NA,"329,696","507,800","269,577",NA,262.650,386.225031,147.683023,147.683023,114.930916,17.432821,0.002486,15.316799,0.000000,31.681945,8.678827,40.958778,40.958778,0.000000,157.222459,42.777719,29.916284,10.689391,21.969716,6.984510,4.637028,7.038314,5.291950,27.917547,275,180,272,NA
1899,Kentucky,3,6,"2,147,174",NA,"467,668","752,500","408,600",NA,162.846,349.659614,83.395369,80.789072,44.907738,8.101495,0.052176,27.727663,2.606298,27.402265,6.819445,56.675005,56.675005,0.000000,175.367530,44.119466,27.956141,7.826899,30.264404,11.279773,4.041962,5.152270,7.289931,37.436684,257,148,257,NA
1899,Louisiana,3,7,"1,381,625",NA,"366,288","536,100","295,123",NA,156.041,215.590728,60.099007,58.083840,17.808777,0.001833,24.491844,15.781386,2.015167,20.402885,0.249608,33.818096,33.818096,0.000000,101.021131,27.971625,20.334076,3.714460,11.298711,7.126241,2.559909,2.928988,2.603975,22.483147,177,101,173,NA
1899,Maine,1,1,"694,466",NA,"232,827","276,800","74,468",NA,250.240,173.783437,21.113046,21.113046,14.843418,0.241090,0.000000,6.028538,0.000000,19.868068,3.100537,55.546573,55.546573,0.000000,74.155213,19.654874,16.430213,2.091104,10.601260,4.326579,1.848823,3.460869,3.812631,11.928862,131,78,131,NA
1899,Maryland,3,5,"1,188,044",NA,"591,206","458,700","97,469",NA,246.187,292.480978,26.737096,26.425633,15.332611,5.759534,0.000000,5.333488,0.311463,26.649644,6.095166,88.641819,88.641819,0.000000,144.357254,47.164276,27.403445,5.922501,16.850921,10.326935,4.077249,3.243328,10.495901,18.872699,242,119,240,NA
1899,Massachusetts,1,1,"2,805,346",NA,"2,411,877","1,208,500","54,839",NA,379.591,"1,064.882738",24.445715,24.445715,19.055703,0.051164,0.000000,5.338847,0.000000,127.051634,3.686767,448.184655,448.184655,0.000000,461.513968,153.181850,92.910074,30.171638,50.734599,29.052451,16.009590,12.393206,21.989126,55.071435,854,436,864,NA
1899,Michigan,2,3,"2,420,982",NA,"952,323","906,000","316,486",NA,244.012,590.749640,87.560424,86.303359,57.866047,12.373206,0.000000,16.064106,1.257064,65.927364,37.465140,144.428450,144.428450,0.000000,255.368262,75.454248,52.338323,16.020330,26.276477,15.311821,6.811989,8.080564,12.238551,42.835959,449,260,447,NA
1899,Minnesota,2,4,"1,751,394",NA,"598,100","645,900","254,481",NA,297.864,521.676664,128.124810,123.476235,61.226175,45.246458,0.000000,17.003602,4.648575,58.364658,18.879714,83.178406,83.178406,0.000000,233.129076,74.510924,50.449587,17.279119,19.944616,13.774916,5.623994,8.497603,7.535929,35.512388,364,208,360,NA
1899,Mississippi,3,6,"1,551,270",NA,"120,035","645,200","493,906",NA,104.030,161.378285,80.913821,77.513504,24.944919,0.025479,45.702528,6.840579,3.400316,5.277473,0.000000,18.903710,18.903710,0.000000,56.283281,9.849897,10.931101,2.623706,6.872386,3.279658,0.951679,2.223283,1.720650,17.830921,131,97,128,NA
1899,Missouri,2,4,"3,106,665",NA,"1,128,104","1,121,300","455,309",NA,246.357,765.347127,135.278769,133.310002,105.350083,12.278674,0.913994,14.767252,1.968766,85.525172,15.522083,141.383162,141.383162,0.000000,387.637942,120.308062,69.301238,26.679259,56.045193,19.619637,9.463323,11.137231,14.899859,60.184139,585,308,581,NA
1899,Montana,4,8,"243,329",NA,"84,554","114,800","26,818",NA,908.612,221.091766,25.687965,24.389785,21.309003,0.997573,0.000000,2.083209,1.298180,37.513960,22.678679,24.863397,24.863397,0.000000,110.347765,25.511095,34.891379,5.704748,13.255614,5.093565,1.551933,2.685613,6.450390,15.203429,101,66,102,NA
1899,Nebraska,2,4,"1,066,300",NA,"252,702","374,000","185,285",NA,295.555,315.150281,119.266810,118.464274,97.819828,10.925218,0.000000,9.719228,0.802536,25.678078,0.136315,38.171116,38.171116,0.000000,131.897962,37.650955,26.837895,10.824999,15.333965,5.729177,3.637766,5.901692,3.671965,22.309549,226,143,222,NA
1899,Nevada,4,8,"42,335",NA,"7,195","19,800","5,678",NA,495.414,20.973372,5.459885,5.368857,4.480231,0.293182,0.000000,0.595444,0.091028,1.451336,2.755768,0.820301,0.820301,0.000000,10.486083,2.485704,2.362948,0.500264,1.268093,0.377950,0.544372,0.706525,0.848477,1.391750,16,12,17,NA
1899,New Hampshire,1,1,"411,588",NA,"192,240","178,700","36,933",NA,310.712,127.885315,11.949458,11.949458,9.565529,0.020038,0.000000,2.363891,0.000000,12.954213,1.029442,50.378600,50.378600,0.000000,51.573602,12.572453,12.066484,3.069834,8.488979,2.549271,0.911045,1.527293,2.839973,7.548270,89,57,89,NA
1899,New Jersey,1,2,"1,883,669",NA,"1,329,162","757,800","64,370",NA,332.572,626.455384,25.432416,25.432416,16.353488,1.623575,0.000000,7.455353,0.000000,89.986165,4.122844,227.939327,227.939327,0.000000,278.974632,89.715441,68.482905,24.338559,26.543003,16.852236,4.619385,6.095292,7.295931,35.031881,523,268,535,NA
1899,New Mexico,4,8,"195,310",NA,"27,381","66,000","34,544",NA,188.623,36.840033,11.747281,11.608971,10.344215,0.314304,0.000000,0.950452,0.138310,2.394705,2.077225,2.723809,2.723809,0.000000,17.897014,3.710801,6.105364,0.442198,1.494538,0.809892,0.882174,0.468388,0.199998,3.783660,29,20,29,NA
1899,New York,1,2,"7,268,894",NA,"5,298,111","2,996,400","357,226",NA,351.967,"2,558.409279",141.613194,141.613194,96.816217,9.489760,0.000000,35.307216,0.000000,307.671674,9.198982,856.137923,856.137923,0.000000,"1,243.787506",456.708415,215.808553,79.338121,141.831701,72.818753,28.647671,25.530281,86.041855,137.062156,2352,1029,2229,NA
1899,North Carolina,3,5,"1,893,810",NA,"186,790","716,700","467,850",NA,99.815,189.029864,64.351572,62.841582,24.156429,3.122252,15.819985,19.742916,1.509990,14.792434,0.742024,35.840402,35.840402,0.000000,73.303431,13.891415,11.947948,2.401625,10.302352,5.430597,1.859516,2.348186,2.130647,22.991146,136,102,135,NA
1899,North Dakota,2,4,"319,146",NA,"23,413","126,650","74,612",NA,295.728,94.380316,56.157426,53.423574,15.075721,26.132199,0.000000,12.215654,2.733852,7.192585,0.226220,3.575241,3.575241,0.000000,27.228844,7.475475,4.965941,1.589248,0.805700,2.183050,0.518811,1.515038,1.509456,6.666125,66,100,67,NA
1899,Ohio,2,3,"4,157,545",NA,"1,998,382","1,546,000","409,843",NA,295.401,"1,228.142845",163.602429,163.602429,110.585268,27.639690,0.000000,25.377472,0.000000,141.428986,39.901828,344.796467,344.796467,0.000000,538.413136,162.832536,105.577811,26.905271,71.518648,30.904945,13.372691,18.331674,29.501055,79.468505,925,516,928,NA
1899,Oklahoma,3,7,"398,331",NA,"36,211","266,400","182,215",NA,248.210,98.869606,49.013192,40.829981,26.955347,8.208876,2.521306,3.144452,8.183211,7.736037,0.140842,2.614950,2.614950,0.000000,39.364585,11.179275,4.541534,2.499891,10.297370,1.344961,1.076787,0.992983,1.978648,5.453136,91,65,75,NA
1899,Oregon,4,9,"413,536",NA,"133,180","169,600","57,653",NA,241.695,99.949563,33.712454,32.720637,20.933367,6.611342,0.000000,5.175928,0.991817,7.386265,1.557085,19.327553,19.327553,0.000000,37.966207,8.359659,9.980858,2.791652,5.095018,1.733292,0.850581,1.419358,1.666651,6.069138,103,62,101,NA
1899,Pennsylvania,1,2,"6,302,115",NA,"3,448,610","2,448,700","341,320",NA,318.748,"2,008.783897",123.165435,123.165435,82.288544,14.373513,0.000000,26.503379,0.000000,209.000713,183.075073,720.574294,720.574294,0.000000,772.968382,241.563356,171.360789,41.320914,78.014908,45.721112,17.985660,20.123346,38.859633,118.018664,1582,894,1600,NA
1899,Rhode Island,1,1,"428,556",NA,"378,471","191,900","9,093",NA,390.811,167.484551,4.022949,4.022949,3.278550,0.004011,0.000000,0.740389,0.000000,18.188353,0.672861,82.659133,82.659133,0.000000,61.941254,22.466619,11.700163,1.852317,7.584783,3.014149,3.178500,1.509251,2.609975,8.025497,126,69,128,NA
1899,South Carolina,3,5,"1,340,316",NA,"171,256","571,000","400,502",NA,106.715,143.031472,53.924992,52.359504,13.246279,0.873384,29.743441,8.496400,1.565488,10.833188,1.401264,23.663916,23.663916,0.000000,53.208111,9.439756,8.925971,1.572258,7.721782,4.022464,1.336628,2.012335,0.866658,17.310259,100,76,98,NA
1899,South Dakota,2,4,"401,570",NA,"40,936","128,150","86,205",NA,285.710,114.732385,59.440813,58.447139,33.639790,17.971440,0.000000,6.835908,0.993674,8.010074,4.575407,4.306505,4.306505,0.000000,38.399587,8.231312,6.019085,3.988123,4.665824,2.064873,2.086420,1.895534,1.352818,8.095598,74,NA,73,NA
1899,Tennessee,3,6,"2,020,616",NA,"326,639","727,700","417,377",NA,139.886,282.655925,73.610657,71.728645,41.396998,7.981388,8.943665,13.406593,1.882012,21.702868,8.074595,41.669349,41.669349,0.000000,137.598456,31.690237,26.832182,5.274927,20.056706,8.793809,3.848418,2.920661,6.343940,31.837575,203,122,203,NA
1899,Texas,3,7,"3,048,710",NA,"520,759","1,033,000","655,026",NA,201.670,614.834146,230.493826,221.987578,107.561480,7.134105,89.188563,18.103430,8.506248,38.506853,5.076584,50.556773,50.556773,0.000000,290.200110,78.418983,53.384446,13.702231,38.917782,14.717360,7.185710,7.868922,9.855907,66.148769,421,256,414,NA
1899,Utah,4,8,"276,749",NA,"105,427","84,500","29,324",NA,254.841,70.526868,12.976999,12.466131,8.806029,1.551949,0.000000,2.108154,0.510868,7.145737,9.919050,8.074070,8.074070,0.000000,32.411011,9.178879,8.203539,1.881518,2.167892,1.644697,0.930641,0.905890,1.276466,6.221488,50,32,51,NA
1899,Vermont,1,1,"343,641",NA,"75,831","135,000","50,854",NA,281.594,96.767084,18.030454,18.030454,15.309594,0.103630,0.000000,2.617230,0.000000,8.766900,4.508187,26.591273,26.591273,0.000000,38.870270,6.377369,9.740019,2.193300,8.339525,1.891368,0.928154,2.409250,1.487986,5.503298,66,40,66,NA
1899,Virginia,3,5,"1,854,184",NA,"340,067","662,400","317,437",NA,137.760,255.432053,56.173166,54.500888,28.351097,5.414647,0.366990,20.368155,1.672277,24.740722,5.147388,49.340424,49.340424,0.000000,120.030354,25.747748,26.143812,4.996834,14.355042,10.173730,3.685349,3.724554,4.143294,27.059991,205,123,208,NA
1899,Washington,4,9,"518,103",NA,"211,477","225,400","54,952",NA,419.139,217.157345,33.057417,32.088874,18.122059,9.229633,0.000000,4.737182,0.968543,28.059168,4.616601,37.052402,37.052402,0.000000,114.371757,28.585593,32.263327,7.712404,16.907910,3.464539,3.288914,2.723065,5.232274,14.193731,154,94,147,NA
1899,West Virginia,3,5,"958,800",NA,"125,465","325,700","159,718",NA,196.130,188.049003,27.705084,26.333170,18.412957,2.761400,0.000000,5.158814,1.371914,20.283150,32.844993,30.536936,30.536936,0.000000,76.678839,18.374322,16.690137,1.444512,9.520210,4.087526,1.336093,2.907130,4.115961,18.202948,113,76,116,NA
1899,Wisconsin,2,3,"2,069,042",NA,"790,213","732,500","267,494",NA,248.552,514.264263,108.276626,106.451069,84.642423,6.628235,0.000000,15.180411,1.825557,59.209647,3.240687,132.554153,132.554153,0.000000,210.983151,62.254214,40.207571,14.943333,17.745153,13.592015,4.394831,9.363948,11.873221,36.608863,370,221,370,NA
1899,Wyoming,4,8,"92,531",NA,"26,657","44,300","13,470",NA,564.538,52.237285,16.870690,16.470883,15.158018,0.204630,0.000000,1.108236,0.399807,1.507348,4.649554,2.449972,2.449972,0.000000,26.759720,5.736968,12.742661,0.649464,1.097528,0.535276,1.649028,0.687930,1.028093,2.632772,29,22,29,NA
